[{"model": "admin.logentry", "pk": 1, "fields": {"action_time": "2024-04-04T13:54:30.588Z", "user": 1, "content_type": 7, "object_id": "1", "object_repr": "drawinggratidude.example.com", "action_flag": 2, "change_message": "[{\"changed\": {\"fields\": [\"Domain name\", \"Display name\"]}}]"}}, {"model": "admin.logentry", "pk": 2, "fields": {"action_time": "2024-04-04T15:27:15.427Z", "user": 1, "content_type": 8, "object_id": "1", "object_repr": "nat.advogada@gmail.com", "action_flag": 2, "change_message": "[{\"changed\": {\"fields\": [\"Verified\", \"Primary\"]}}]"}}, {"model": "admin.logentry", "pk": 3, "fields": {"action_time": "2024-04-07T11:26:16.538Z", "user": 1, "content_type": 14, "object_id": "1", "object_repr": "Christmas Card - Baby", "action_flag": 2, "change_message": "[{\"changed\": {\"fields\": [\"Image url\"]}}]"}}, {"model": "admin.logentry", "pk": 4, "fields": {"action_time": "2024-04-07T11:29:22.617Z", "user": 1, "content_type": 14, "object_id": "1", "object_repr": "Christmas Card - Baby", "action_flag": 2, "change_message": "[{\"changed\": {\"fields\": [\"Image url\"]}}]"}}, {"model": "admin.logentry", "pk": 5, "fields": {"action_time": "2024-04-07T11:29:45.798Z", "user": 1, "content_type": 14, "object_id": "1", "object_repr": "Christmas Card - Baby", "action_flag": 2, "change_message": "[]"}}, {"model": "admin.logentry", "pk": 6, "fields": {"action_time": "2024-04-07T11:31:51.816Z", "user": 1, "content_type": 14, "object_id": "1", "object_repr": "Christmas Card - Baby", "action_flag": 2, "change_message": "[]"}}, {"model": "admin.logentry", "pk": 7, "fields": {"action_time": "2024-04-07T11:34:42.001Z", "user": 1, "content_type": 14, "object_id": "9", "object_repr": "a", "action_flag": 1, "change_message": "[{\"added\": {}}]"}}, {"model": "admin.logentry", "pk": 8, "fields": {"action_time": "2024-04-07T11:35:09.185Z", "user": 1, "content_type": 14, "object_id": "9", "object_repr": "a", "action_flag": 2, "change_message": "[{\"changed\": {\"fields\": [\"Image\"]}}]"}}, {"model": "admin.logentry", "pk": 9, "fields": {"action_time": "2024-04-07T11:35:31.348Z", "user": 1, "content_type": 14, "object_id": "9", "object_repr": "a", "action_flag": 3, "change_message": ""}}, {"model": "admin.logentry", "pk": 10, "fields": {"action_time": "2024-04-07T11:35:37.212Z", "user": 1, "content_type": 14, "object_id": "8", "object_repr": "Rachael Ray Ceramic Olive Oil Dispenser", "action_flag": 3, "change_message": ""}}, {"model": "admin.logentry", "pk": 11, "fields": {"action_time": "2024-04-07T11:35:46.924Z", "user": 1, "content_type": 14, "object_id": "7", "object_repr": "Liz Claiborne Classic Sophie Secretly Slender Trouser Leg Pants - Plus", "action_flag": 3, "change_message": ""}}, {"model": "admin.logentry", "pk": 12, "fields": {"action_time": "2024-04-07T11:35:55.411Z", "user": 1, "content_type": 14, "object_id": "6", "object_repr": "The Foundry Supply Co. Solid Pocket TeeBig & Tall", "action_flag": 3, "change_message": ""}}, {"model": "admin.logentry", "pk": 13, "fields": {"action_time": "2024-04-07T11:36:21.510Z", "user": 1, "content_type": 14, "object_id": "10", "object_repr": "gg", "action_flag": 1, "change_message": "[{\"added\": {}}]"}}, {"model": "admin.logentry", "pk": 14, "fields": {"action_time": "2024-04-07T11:39:20.546Z", "user": 1, "content_type": 14, "object_id": "10", "object_repr": "gg", "action_flag": 3, "change_message": ""}}, {"model": "admin.logentry", "pk": 15, "fields": {"action_time": "2024-04-07T11:39:24.712Z", "user": 1, "content_type": 14, "object_id": "5", "object_repr": "Simply Calphalon Enameled Cast Iron Panini Pan", "action_flag": 3, "change_message": ""}}, {"model": "admin.logentry", "pk": 16, "fields": {"action_time": "2024-04-07T11:39:27.951Z", "user": 1, "content_type": 14, "object_id": "4", "object_repr": "Gibson Infinite Glaze 16-pc. Dinnerware Set", "action_flag": 3, "change_message": ""}}, {"model": "admin.logentry", "pk": 17, "fields": {"action_time": "2024-04-07T11:39:31.316Z", "user": 1, "content_type": 14, "object_id": "3", "object_repr": "Royal Velvet Matte Satin Square 3-pc. Coverlet Set", "action_flag": 3, "change_message": ""}}, {"model": "admin.logentry", "pk": 18, "fields": {"action_time": "2024-04-07T11:39:34.392Z", "user": 1, "content_type": 14, "object_id": "2", "object_repr": "Liz Claiborne Audra Classic Fit Straight Leg Pants", "action_flag": 3, "change_message": ""}}, {"model": "admin.logentry", "pk": 19, "fields": {"action_time": "2024-04-07T11:39:37.607Z", "user": 1, "content_type": 14, "object_id": "1", "object_repr": "Christmas Card - Baby", "action_flag": 3, "change_message": ""}}, {"model": "admin.logentry", "pk": 20, "fields": {"action_time": "2024-04-07T11:42:36.048Z", "user": 1, "content_type": 14, "object_id": "11", "object_repr": "Christmas Card - baby", "action_flag": 1, "change_message": "[{\"added\": {}}]"}}, {"model": "admin.logentry", "pk": 21, "fields": {"action_time": "2024-04-07T11:43:33.554Z", "user": 1, "content_type": 14, "object_id": "11", "object_repr": "Christmas Card - baby", "action_flag": 2, "change_message": "[{\"changed\": {\"fields\": [\"Image url\"]}}]"}}, {"model": "admin.logentry", "pk": 22, "fields": {"action_time": "2024-04-07T11:44:07.267Z", "user": 1, "content_type": 14, "object_id": "11", "object_repr": "Christmas Card - baby", "action_flag": 2, "change_message": "[{\"changed\": {\"fields\": [\"Image url\"]}}]"}}, {"model": "admin.logentry", "pk": 23, "fields": {"action_time": "2024-04-07T11:44:22.190Z", "user": 1, "content_type": 14, "object_id": "11", "object_repr": "Christmas Card - baby", "action_flag": 2, "change_message": "[]"}}, {"model": "admin.logentry", "pk": 24, "fields": {"action_time": "2024-04-07T12:47:47.621Z", "user": 1, "content_type": 14, "object_id": "12", "object_repr": "Bird card", "action_flag": 1, "change_message": "[{\"added\": {}}]"}}, {"model": "admin.logentry", "pk": 25, "fields": {"action_time": "2024-04-07T12:52:54.396Z", "user": 1, "content_type": 14, "object_id": "13", "object_repr": "Christmas - Sheep", "action_flag": 1, "change_message": "[{\"added\": {}}]"}}, {"model": "admin.logentry", "pk": 26, "fields": {"action_time": "2024-04-07T12:54:57.774Z", "user": 1, "content_type": 14, "object_id": "14", "object_repr": "Thank you card - bird", "action_flag": 1, "change_message": "[{\"added\": {}}]"}}, {"model": "admin.logentry", "pk": 27, "fields": {"action_time": "2024-04-07T13:54:46.881Z", "user": 1, "content_type": 14, "object_id": "15", "object_repr": "Snowman Christmas Card", "action_flag": 1, "change_message": "[{\"added\": {}}]"}}, {"model": "admin.logentry", "pk": 28, "fields": {"action_time": "2024-04-08T13:46:31.918Z", "user": 1, "content_type": 15, "object_id": "1", "object_repr": "watercolor", "action_flag": 1, "change_message": "[{\"added\": {}}]"}}, {"model": "admin.logentry", "pk": 29, "fields": {"action_time": "2024-04-08T13:46:56.160Z", "user": 1, "content_type": 15, "object_id": "2", "object_repr": "pen", "action_flag": 1, "change_message": "[{\"added\": {}}]"}}, {"model": "admin.logentry", "pk": 30, "fields": {"action_time": "2024-04-08T13:47:00.869Z", "user": 1, "content_type": 15, "object_id": "3", "object_repr": "pencil", "action_flag": 1, "change_message": "[{\"added\": {}}]"}}, {"model": "admin.logentry", "pk": 31, "fields": {"action_time": "2024-04-08T13:47:02.963Z", "user": 1, "content_type": 16, "object_id": "1", "object_repr": "Bird card", "action_flag": 1, "change_message": "[{\"added\": {}}]"}}, {"model": "admin.logentry", "pk": 32, "fields": {"action_time": "2024-04-08T13:49:13.197Z", "user": 1, "content_type": 16, "object_id": "1", "object_repr": "Christmas Card - baby", "action_flag": 2, "change_message": "[{\"changed\": {\"fields\": [\"Product\"]}}]"}}, {"model": "admin.logentry", "pk": 33, "fields": {"action_time": "2024-04-08T14:13:51.807Z", "user": 1, "content_type": 15, "object_id": "2", "object_repr": "Ink Pen", "action_flag": 2, "change_message": "[{\"changed\": {\"fields\": [\"Name\"]}}]"}}, {"model": "admin.logentry", "pk": 34, "fields": {"action_time": "2024-04-08T14:14:07.288Z", "user": 1, "content_type": 15, "object_id": "3", "object_repr": "Coloured Pencil", "action_flag": 2, "change_message": "[{\"changed\": {\"fields\": [\"Name\"]}}]"}}, {"model": "admin.logentry", "pk": 35, "fields": {"action_time": "2024-04-08T14:14:12.930Z", "user": 1, "content_type": 15, "object_id": "1", "object_repr": "Pencil", "action_flag": 2, "change_message": "[{\"changed\": {\"fields\": [\"Name\"]}}]"}}, {"model": "admin.logentry", "pk": 36, "fields": {"action_time": "2024-04-08T14:14:20.076Z", "user": 1, "content_type": 15, "object_id": "4", "object_repr": "Paint", "action_flag": 1, "change_message": "[{\"added\": {}}]"}}, {"model": "admin.logentry", "pk": 37, "fields": {"action_time": "2024-04-08T14:14:30.082Z", "user": 1, "content_type": 15, "object_id": "5", "object_repr": "Markers", "action_flag": 1, "change_message": "[{\"added\": {}}]"}}, {"model": "admin.logentry", "pk": 38, "fields": {"action_time": "2024-04-08T14:14:34.866Z", "user": 1, "content_type": 15, "object_id": "6", "object_repr": "Stickers", "action_flag": 1, "change_message": "[{\"added\": {}}]"}}, {"model": "admin.logentry", "pk": 39, "fields": {"action_time": "2024-04-08T14:14:38.277Z", "user": 1, "content_type": 15, "object_id": "7", "object_repr": "Stamps", "action_flag": 1, "change_message": "[{\"added\": {}}]"}}, {"model": "admin.logentry", "pk": 40, "fields": {"action_time": "2024-04-08T14:14:43.698Z", "user": 1, "content_type": 15, "object_id": "8", "object_repr": "Crayons", "action_flag": 1, "change_message": "[{\"added\": {}}]"}}, {"model": "admin.logentry", "pk": 41, "fields": {"action_time": "2024-04-08T14:14:51.411Z", "user": 1, "content_type": 17, "object_id": "1", "object_repr": "Watercolor", "action_flag": 1, "change_message": "[{\"added\": {}}]"}}, {"model": "admin.logentry", "pk": 42, "fields": {"action_time": "2024-04-08T14:14:58.902Z", "user": 1, "content_type": 17, "object_id": "2", "object_repr": "Acrylic", "action_flag": 1, "change_message": "[{\"added\": {}}]"}}, {"model": "admin.logentry", "pk": 43, "fields": {"action_time": "2024-04-08T14:15:03.846Z", "user": 1, "content_type": 17, "object_id": "3", "object_repr": "Gouache", "action_flag": 1, "change_message": "[{\"added\": {}}]"}}, {"model": "admin.logentry", "pk": 44, "fields": {"action_time": "2024-04-08T14:15:08.447Z", "user": 1, "content_type": 17, "object_id": "4", "object_repr": "Oil", "action_flag": 1, "change_message": "[{\"added\": {}}]"}}, {"model": "admin.logentry", "pk": 45, "fields": {"action_time": "2024-04-08T14:15:14.677Z", "user": 1, "content_type": 17, "object_id": "5", "object_repr": "Pastel", "action_flag": 1, "change_message": "[{\"added\": {}}]"}}, {"model": "admin.logentry", "pk": 46, "fields": {"action_time": "2024-04-08T14:15:18.287Z", "user": 1, "content_type": 17, "object_id": "6", "object_repr": "Charcoal", "action_flag": 1, "change_message": "[{\"added\": {}}]"}}, {"model": "admin.logentry", "pk": 47, "fields": {"action_time": "2024-04-08T14:15:41.067Z", "user": 1, "content_type": 20, "object_id": "1", "object_repr": "Textured", "action_flag": 1, "change_message": "[{\"added\": {}}]"}}, {"model": "admin.logentry", "pk": 48, "fields": {"action_time": "2024-04-08T14:15:47.719Z", "user": 1, "content_type": 20, "object_id": "2", "object_repr": "Smooth", "action_flag": 1, "change_message": "[{\"added\": {}}]"}}, {"model": "admin.logentry", "pk": 49, "fields": {"action_time": "2024-04-08T14:15:50.978Z", "user": 1, "content_type": 20, "object_id": "3", "object_repr": "Coloured", "action_flag": 1, "change_message": "[{\"added\": {}}]"}}, {"model": "admin.logentry", "pk": 50, "fields": {"action_time": "2024-04-08T14:15:56.738Z", "user": 1, "content_type": 20, "object_id": "4", "object_repr": "Tan", "action_flag": 1, "change_message": "[{\"added\": {}}]"}}, {"model": "admin.logentry", "pk": 51, "fields": {"action_time": "2024-04-08T14:15:59.972Z", "user": 1, "content_type": 20, "object_id": "5", "object_repr": "Black", "action_flag": 1, "change_message": "[{\"added\": {}}]"}}, {"model": "admin.logentry", "pk": 52, "fields": {"action_time": "2024-04-08T14:16:05.435Z", "user": 1, "content_type": 20, "object_id": "6", "object_repr": "Heavy Weight", "action_flag": 1, "change_message": "[{\"added\": {}}]"}}, {"model": "admin.logentry", "pk": 53, "fields": {"action_time": "2024-04-08T14:18:25.363Z", "user": 1, "content_type": 16, "object_id": "1", "object_repr": "Christmas Card - baby", "action_flag": 3, "change_message": ""}}, {"model": "admin.logentry", "pk": 54, "fields": {"action_time": "2024-04-08T14:18:36.106Z", "user": 1, "content_type": 14, "object_id": "12", "object_repr": "Bird card", "action_flag": 2, "change_message": "[]"}}, {"model": "admin.logentry", "pk": 55, "fields": {"action_time": "2024-04-08T14:19:41.547Z", "user": 1, "content_type": 18, "object_id": "1", "object_repr": "Card", "action_flag": 1, "change_message": "[{\"added\": {}}]"}}, {"model": "admin.logentry", "pk": 56, "fields": {"action_time": "2024-04-08T14:19:48.302Z", "user": 1, "content_type": 18, "object_id": "2", "object_repr": "Wood", "action_flag": 1, "change_message": "[{\"added\": {}}]"}}, {"model": "admin.logentry", "pk": 57, "fields": {"action_time": "2024-04-08T14:19:53.258Z", "user": 1, "content_type": 18, "object_id": "3", "object_repr": "Canvas", "action_flag": 1, "change_message": "[{\"added\": {}}]"}}, {"model": "admin.logentry", "pk": 58, "fields": {"action_time": "2024-04-08T14:20:21.997Z", "user": 1, "content_type": 19, "object_id": "1", "object_repr": "No frame", "action_flag": 1, "change_message": "[{\"added\": {}}]"}}, {"model": "admin.logentry", "pk": 59, "fields": {"action_time": "2024-04-08T14:20:36.470Z", "user": 1, "content_type": 19, "object_id": "2", "object_repr": "White", "action_flag": 1, "change_message": "[{\"added\": {}}]"}}, {"model": "admin.logentry", "pk": 60, "fields": {"action_time": "2024-04-08T14:20:40.395Z", "user": 1, "content_type": 19, "object_id": "3", "object_repr": "Black", "action_flag": 1, "change_message": "[{\"added\": {}}]"}}, {"model": "admin.logentry", "pk": 61, "fields": {"action_time": "2024-04-08T14:20:44.829Z", "user": 1, "content_type": 19, "object_id": "4", "object_repr": "Brown", "action_flag": 1, "change_message": "[{\"added\": {}}]"}}, {"model": "admin.logentry", "pk": 62, "fields": {"action_time": "2024-04-08T14:20:53.986Z", "user": 1, "content_type": 16, "object_id": "2", "object_repr": "Bird card", "action_flag": 1, "change_message": "[{\"added\": {}}]"}}, {"model": "admin.logentry", "pk": 63, "fields": {"action_time": "2024-04-08T14:21:35.653Z", "user": 1, "content_type": 16, "object_id": "2", "object_repr": "Bird card", "action_flag": 2, "change_message": "[]"}}, {"model": "admin.logentry", "pk": 64, "fields": {"action_time": "2024-04-08T18:22:58.032Z", "user": 1, "content_type": 14, "object_id": "12", "object_repr": "Bird card", "action_flag": 2, "change_message": "[{\"changed\": {\"fields\": [\"Digital\"]}}]"}}, {"model": "admin.logentry", "pk": 65, "fields": {"action_time": "2024-04-08T18:31:17.241Z", "user": 1, "content_type": 14, "object_id": "11", "object_repr": "Christmas Card - baby", "action_flag": 2, "change_message": "[{\"changed\": {\"fields\": [\"Digital\"]}}]"}}, {"model": "admin.logentry", "pk": 66, "fields": {"action_time": "2024-04-08T18:39:21.739Z", "user": 1, "content_type": 14, "object_id": "11", "object_repr": "Christmas Card - baby", "action_flag": 2, "change_message": "[]"}}, {"model": "admin.logentry", "pk": 67, "fields": {"action_time": "2024-04-08T18:39:30.060Z", "user": 1, "content_type": 14, "object_id": "15", "object_repr": "Snowman Christmas Card", "action_flag": 2, "change_message": "[{\"changed\": {\"fields\": [\"Digital\"]}}]"}}, {"model": "admin.logentry", "pk": 68, "fields": {"action_time": "2024-04-08T18:43:20.165Z", "user": 1, "content_type": 14, "object_id": "16", "object_repr": "thank you car cat", "action_flag": 1, "change_message": "[{\"added\": {}}]"}}, {"model": "admin.logentry", "pk": 69, "fields": {"action_time": "2024-04-08T18:43:54.861Z", "user": 1, "content_type": 16, "object_id": "3", "object_repr": "thank you car cat", "action_flag": 1, "change_message": "[{\"added\": {}}]"}}, {"model": "admin.logentry", "pk": 70, "fields": {"action_time": "2024-04-11T15:37:35.300Z", "user": 1, "content_type": 14, "object_id": "11", "object_repr": "Christmas Card - baby", "action_flag": 2, "change_message": "[{\"changed\": {\"fields\": [\"Digital\"]}}]"}}, {"model": "admin.logentry", "pk": 71, "fields": {"action_time": "2024-04-11T15:37:38.971Z", "user": 1, "content_type": 14, "object_id": "12", "object_repr": "Bird card", "action_flag": 2, "change_message": "[{\"changed\": {\"fields\": [\"Digital\"]}}]"}}, {"model": "admin.logentry", "pk": 72, "fields": {"action_time": "2024-04-11T15:37:42.242Z", "user": 1, "content_type": 14, "object_id": "15", "object_repr": "Snowman Christmas Card", "action_flag": 2, "change_message": "[{\"changed\": {\"fields\": [\"Digital\"]}}]"}}, {"model": "admin.logentry", "pk": 73, "fields": {"action_time": "2024-04-11T15:37:44.398Z", "user": 1, "content_type": 14, "object_id": "16", "object_repr": "thank you car cat", "action_flag": 2, "change_message": "[]"}}, {"model": "admin.logentry", "pk": 74, "fields": {"action_time": "2024-04-11T15:37:48.180Z", "user": 1, "content_type": 14, "object_id": "16", "object_repr": "thank you car cat", "action_flag": 2, "change_message": "[{\"changed\": {\"fields\": [\"Digital\"]}}]"}}, {"model": "admin.logentry", "pk": 75, "fields": {"action_time": "2024-04-11T15:39:05.025Z", "user": 1, "content_type": 14, "object_id": "17", "object_repr": "Christmas card - Bear", "action_flag": 1, "change_message": "[{\"added\": {}}]"}}, {"model": "admin.logentry", "pk": 76, "fields": {"action_time": "2024-04-11T15:40:11.184Z", "user": 1, "content_type": 14, "object_id": "18", "object_repr": "Christmas card - portuguese", "action_flag": 1, "change_message": "[{\"added\": {}}]"}}, {"model": "admin.logentry", "pk": 77, "fields": {"action_time": "2024-04-11T15:41:11.998Z", "user": 1, "content_type": 14, "object_id": "19", "object_repr": "Name paint - pig", "action_flag": 1, "change_message": "[{\"added\": {}}]"}}, {"model": "admin.logentry", "pk": 78, "fields": {"action_time": "2024-04-11T15:42:08.018Z", "user": 1, "content_type": 14, "object_id": "20", "object_repr": "sunflower in watercolor", "action_flag": 1, "change_message": "[{\"added\": {}}]"}}, {"model": "admin.logentry", "pk": 79, "fields": {"action_time": "2024-04-11T15:42:51.376Z", "user": 1, "content_type": 16, "object_id": "4", "object_repr": "Christmas card - Bear", "action_flag": 1, "change_message": "[{\"added\": {}}]"}}, {"model": "admin.logentry", "pk": 80, "fields": {"action_time": "2024-04-11T15:43:24.565Z", "user": 1, "content_type": 16, "object_id": "3", "object_repr": "thank you car cat", "action_flag": 2, "change_message": "[{\"changed\": {\"fields\": [\"Materials\", \"Surface\", \"Paint\", \"Frame\"]}}]"}}, {"model": "admin.logentry", "pk": 81, "fields": {"action_time": "2024-04-11T15:43:34.899Z", "user": 1, "content_type": 16, "object_id": "2", "object_repr": "Bird card", "action_flag": 2, "change_message": "[{\"changed\": {\"fields\": [\"Materials\"]}}]"}}, {"model": "admin.logentry", "pk": 82, "fields": {"action_time": "2024-04-11T15:44:07.495Z", "user": 1, "content_type": 16, "object_id": "5", "object_repr": "Christmas Card - baby", "action_flag": 1, "change_message": "[{\"added\": {}}]"}}, {"model": "admin.logentry", "pk": 83, "fields": {"action_time": "2024-04-11T15:44:51.754Z", "user": 1, "content_type": 16, "object_id": "6", "object_repr": "Christmas - Sheep", "action_flag": 1, "change_message": "[{\"added\": {}}]"}}, {"model": "admin.logentry", "pk": 84, "fields": {"action_time": "2024-04-11T15:45:10.551Z", "user": 1, "content_type": 16, "object_id": "7", "object_repr": "Snowman Christmas Card", "action_flag": 1, "change_message": "[{\"added\": {}}]"}}, {"model": "admin.logentry", "pk": 85, "fields": {"action_time": "2024-04-11T15:46:11.817Z", "user": 1, "content_type": 16, "object_id": "8", "object_repr": "Christmas card - portuguese", "action_flag": 1, "change_message": "[{\"added\": {}}]"}}, {"model": "admin.logentry", "pk": 86, "fields": {"action_time": "2024-04-11T15:46:21.119Z", "user": 1, "content_type": 16, "object_id": "3", "object_repr": "thank you car cat", "action_flag": 2, "change_message": "[{\"changed\": {\"fields\": [\"Paint\"]}}]"}}, {"model": "admin.logentry", "pk": 87, "fields": {"action_time": "2024-04-11T15:46:43.968Z", "user": 1, "content_type": 16, "object_id": "9", "object_repr": "Name paint - pig", "action_flag": 1, "change_message": "[{\"added\": {}}]"}}, {"model": "admin.logentry", "pk": 88, "fields": {"action_time": "2024-04-11T15:47:43.335Z", "user": 1, "content_type": 16, "object_id": "10", "object_repr": "sunflower in watercolor", "action_flag": 1, "change_message": "[{\"added\": {}}]"}}, {"model": "admin.logentry", "pk": 89, "fields": {"action_time": "2024-04-11T15:48:58.571Z", "user": 1, "content_type": 16, "object_id": "11", "object_repr": "Thank you card - bird", "action_flag": 1, "change_message": "[{\"added\": {}}]"}}, {"model": "admin.logentry", "pk": 90, "fields": {"action_time": "2024-04-11T15:50:40.676Z", "user": 1, "content_type": 14, "object_id": "21", "object_repr": "Woman and man in watercolor", "action_flag": 1, "change_message": "[{\"added\": {}}]"}}, {"model": "admin.logentry", "pk": 91, "fields": {"action_time": "2024-04-11T15:51:11.277Z", "user": 1, "content_type": 16, "object_id": "12", "object_repr": "Woman and man in watercolor", "action_flag": 1, "change_message": "[{\"added\": {}}]"}}, {"model": "admin.logentry", "pk": 92, "fields": {"action_time": "2024-04-11T16:04:05.182Z", "user": 1, "content_type": 14, "object_id": "22", "object_repr": "Tree mid autumm", "action_flag": 1, "change_message": "[{\"added\": {}}]"}}, {"model": "admin.logentry", "pk": 93, "fields": {"action_time": "2024-04-11T16:04:52.280Z", "user": 1, "content_type": 14, "object_id": "23", "object_repr": "dogs on a pillow", "action_flag": 1, "change_message": "[{\"added\": {}}]"}}, {"model": "admin.logentry", "pk": 94, "fields": {"action_time": "2024-04-11T16:05:53.684Z", "user": 1, "content_type": 14, "object_id": "24", "object_repr": "Goat in watercolor", "action_flag": 1, "change_message": "[{\"added\": {}}]"}}, {"model": "admin.logentry", "pk": 95, "fields": {"action_time": "2024-04-11T16:06:47.390Z", "user": 1, "content_type": 14, "object_id": "25", "object_repr": "Flowers in card watercolor", "action_flag": 1, "change_message": "[{\"added\": {}}]"}}, {"model": "admin.logentry", "pk": 96, "fields": {"action_time": "2024-04-11T16:07:57.761Z", "user": 1, "content_type": 14, "object_id": "26", "object_repr": "Plants combo", "action_flag": 1, "change_message": "[{\"added\": {}}]"}}, {"model": "admin.logentry", "pk": 97, "fields": {"action_time": "2024-04-11T16:08:59.536Z", "user": 1, "content_type": 14, "object_id": "27", "object_repr": "Fruit - pera in watercolor", "action_flag": 1, "change_message": "[{\"added\": {}}]"}}, {"model": "admin.logentry", "pk": 98, "fields": {"action_time": "2024-04-11T16:09:37.245Z", "user": 1, "content_type": 14, "object_id": "21", "object_repr": "Woman and man in watercolor", "action_flag": 2, "change_message": "[{\"changed\": {\"fields\": [\"Category\"]}}]"}}, {"model": "admin.logentry", "pk": 99, "fields": {"action_time": "2024-04-11T16:18:20.123Z", "user": 1, "content_type": 14, "object_id": "28", "object_repr": "Carrot watercolor", "action_flag": 1, "change_message": "[{\"added\": {}}]"}}, {"model": "admin.logentry", "pk": 100, "fields": {"action_time": "2024-04-11T16:19:13.031Z", "user": 1, "content_type": 14, "object_id": "29", "object_repr": "Bee in crayons", "action_flag": 1, "change_message": "[{\"added\": {}}]"}}, {"model": "admin.logentry", "pk": 101, "fields": {"action_time": "2024-04-11T16:19:57.946Z", "user": 1, "content_type": 14, "object_id": "30", "object_repr": "Bird coloured in pencil", "action_flag": 1, "change_message": "[{\"added\": {}}]"}}, {"model": "admin.logentry", "pk": 102, "fields": {"action_time": "2024-04-11T16:20:47.760Z", "user": 1, "content_type": 14, "object_id": "31", "object_repr": "diabo das meninas", "action_flag": 1, "change_message": "[{\"added\": {}}]"}}, {"model": "admin.logentry", "pk": 103, "fields": {"action_time": "2024-04-11T16:20:57.715Z", "user": 1, "content_type": 14, "object_id": "21", "object_repr": "Woman and man in watercolor", "action_flag": 2, "change_message": "[{\"changed\": {\"fields\": [\"Sku\"]}}]"}}, {"model": "admin.logentry", "pk": 104, "fields": {"action_time": "2024-04-11T16:21:45.780Z", "user": 1, "content_type": 14, "object_id": "32", "object_repr": "Cactus digital", "action_flag": 1, "change_message": "[{\"added\": {}}]"}}, {"model": "admin.logentry", "pk": 105, "fields": {"action_time": "2024-04-11T16:22:25.541Z", "user": 1, "content_type": 14, "object_id": "33", "object_repr": "Lavender in watercolor", "action_flag": 1, "change_message": "[{\"added\": {}}]"}}, {"model": "admin.logentry", "pk": 106, "fields": {"action_time": "2024-04-11T16:23:06.940Z", "user": 1, "content_type": 14, "object_id": "34", "object_repr": "Pot of plant in black and white", "action_flag": 1, "change_message": "[{\"added\": {}}]"}}, {"model": "admin.logentry", "pk": 107, "fields": {"action_time": "2024-04-11T16:23:14.780Z", "user": 1, "content_type": 14, "object_id": "31", "object_repr": "diabo das meninas", "action_flag": 2, "change_message": "[{\"changed\": {\"fields\": [\"Digital\"]}}]"}}, {"model": "admin.logentry", "pk": 108, "fields": {"action_time": "2024-04-11T16:23:22.630Z", "user": 1, "content_type": 14, "object_id": "32", "object_repr": "Cactus digital", "action_flag": 2, "change_message": "[{\"changed\": {\"fields\": [\"Digital\"]}}]"}}, {"model": "admin.logentry", "pk": 109, "fields": {"action_time": "2024-04-11T16:24:09.391Z", "user": 1, "content_type": 14, "object_id": "35", "object_repr": "Zelda with heart", "action_flag": 1, "change_message": "[{\"added\": {}}]"}}, {"model": "admin.logentry", "pk": 110, "fields": {"action_time": "2024-04-11T16:25:12.969Z", "user": 1, "content_type": 14, "object_id": "36", "object_repr": "Animais na ilha", "action_flag": 1, "change_message": "[{\"added\": {}}]"}}, {"model": "admin.logentry", "pk": 111, "fields": {"action_time": "2024-04-11T16:25:49.027Z", "user": 1, "content_type": 14, "object_id": "37", "object_repr": "Lontra de cachecol", "action_flag": 1, "change_message": "[{\"added\": {}}]"}}, {"model": "admin.logentry", "pk": 112, "fields": {"action_time": "2024-04-11T16:26:06.436Z", "user": 1, "content_type": 14, "object_id": "37", "object_repr": "Lontra de cachecol", "action_flag": 2, "change_message": "[{\"changed\": {\"fields\": [\"Digital\"]}}]"}}, {"model": "admin.logentry", "pk": 113, "fields": {"action_time": "2024-04-11T16:27:02.072Z", "user": 1, "content_type": 14, "object_id": "38", "object_repr": "Landscape in watercolor", "action_flag": 1, "change_message": "[{\"added\": {}}]"}}, {"model": "admin.logentry", "pk": 114, "fields": {"action_time": "2024-04-11T16:27:45.485Z", "user": 1, "content_type": 14, "object_id": "39", "object_repr": "Menino com coração", "action_flag": 1, "change_message": "[{\"added\": {}}]"}}, {"model": "admin.logentry", "pk": 115, "fields": {"action_time": "2024-04-11T16:28:35.163Z", "user": 1, "content_type": 14, "object_id": "40", "object_repr": "Menino de violão", "action_flag": 1, "change_message": "[{\"added\": {}}]"}}, {"model": "admin.logentry", "pk": 116, "fields": {"action_time": "2024-04-11T16:29:49.516Z", "user": 1, "content_type": 14, "object_id": "41", "object_repr": "Capivara amorzinhio", "action_flag": 1, "change_message": "[{\"added\": {}}]"}}, {"model": "admin.logentry", "pk": 117, "fields": {"action_time": "2024-04-11T16:30:33.914Z", "user": 1, "content_type": 14, "object_id": "42", "object_repr": "zelda boy", "action_flag": 1, "change_message": "[{\"added\": {}}]"}}, {"model": "admin.logentry", "pk": 118, "fields": {"action_time": "2024-04-11T16:31:05.451Z", "user": 1, "content_type": 14, "object_id": "43", "object_repr": "BOY GUI", "action_flag": 1, "change_message": "[{\"added\": {}}]"}}, {"model": "admin.logentry", "pk": 119, "fields": {"action_time": "2024-04-11T16:31:41.561Z", "user": 1, "content_type": 14, "object_id": "44", "object_repr": "Menina loba", "action_flag": 1, "change_message": "[{\"added\": {}}]"}}, {"model": "admin.logentry", "pk": 120, "fields": {"action_time": "2024-04-11T16:32:16.695Z", "user": 1, "content_type": 14, "object_id": "45", "object_repr": "Galinha digital", "action_flag": 1, "change_message": "[{\"added\": {}}]"}}, {"model": "admin.logentry", "pk": 121, "fields": {"action_time": "2024-04-11T16:32:59.931Z", "user": 1, "content_type": 14, "object_id": "46", "object_repr": "cara do hora de aventura", "action_flag": 1, "change_message": "[{\"added\": {}}]"}}, {"model": "admin.logentry", "pk": 122, "fields": {"action_time": "2024-04-11T16:33:38.599Z", "user": 1, "content_type": 14, "object_id": "47", "object_repr": "Sabrina digital", "action_flag": 1, "change_message": "[{\"added\": {}}]"}}, {"model": "admin.logentry", "pk": 123, "fields": {"action_time": "2024-04-11T16:34:29.644Z", "user": 1, "content_type": 14, "object_id": "48", "object_repr": "Banana plant digital", "action_flag": 1, "change_message": "[{\"added\": {}}]"}}, {"model": "admin.logentry", "pk": 124, "fields": {"action_time": "2024-04-11T16:35:12.896Z", "user": 1, "content_type": 14, "object_id": "49", "object_repr": "Menina peito caido", "action_flag": 1, "change_message": "[{\"added\": {}}]"}}, {"model": "admin.logentry", "pk": 125, "fields": {"action_time": "2024-04-12T13:09:36.886Z", "user": 1, "content_type": 14, "object_id": "12", "object_repr": "Bird card", "action_flag": 2, "change_message": "[{\"changed\": {\"fields\": [\"Offers\"]}}]"}}, {"model": "admin.logentry", "pk": 126, "fields": {"action_time": "2024-04-12T17:00:16.240Z", "user": 1, "content_type": 23, "object_id": "1", "object_repr": "Nathalia", "action_flag": 1, "change_message": "[{\"added\": {}}]"}}, {"model": "admin.logentry", "pk": 127, "fields": {"action_time": "2024-04-12T17:05:31.212Z", "user": 1, "content_type": 23, "object_id": "1", "object_repr": "Nathalia", "action_flag": 2, "change_message": "[]"}}, {"model": "admin.logentry", "pk": 128, "fields": {"action_time": "2024-04-12T17:45:47.925Z", "user": 1, "content_type": 23, "object_id": "1", "object_repr": "Nathalia", "action_flag": 2, "change_message": "[{\"changed\": {\"fields\": [\"Content\"]}}]"}}, {"model": "admin.logentry", "pk": 129, "fields": {"action_time": "2024-04-12T18:43:55.362Z", "user": 1, "content_type": 14, "object_id": "19", "object_repr": "Name paint - pig", "action_flag": 2, "change_message": "[{\"changed\": {\"fields\": [\"Offers\"]}}]"}}, {"model": "admin.logentry", "pk": 130, "fields": {"action_time": "2024-04-12T18:44:34.825Z", "user": 1, "content_type": 14, "object_id": "21", "object_repr": "Woman and man in watercolor", "action_flag": 2, "change_message": "[{\"changed\": {\"fields\": [\"Offers\"]}}]"}}, {"model": "admin.logentry", "pk": 131, "fields": {"action_time": "2024-04-19T14:46:08.682Z", "user": 1, "content_type": 8, "object_id": "2", "object_repr": "nathalia55555@gmail.com", "action_flag": 2, "change_message": "[{\"changed\": {\"fields\": [\"Verified\"]}}]"}}, {"model": "admin.logentry", "pk": 132, "fields": {"action_time": "2024-04-20T12:19:07.927Z", "user": 1, "content_type": 22, "object_id": "1", "object_repr": "67C8FAFF8FB0491695F3E8AF5235032A", "action_flag": 2, "change_message": "[{\"changed\": {\"name\": \"order line item\", \"object\": \"SKU C2 on order 67C8FAFF8FB0491695F3E8AF5235032A\", \"fields\": [\"Quantity\"]}}]"}}, {"model": "admin.logentry", "pk": 133, "fields": {"action_time": "2024-04-25T15:22:45.583Z", "user": 1, "content_type": 14, "object_id": "45", "object_repr": "Galinha digital", "action_flag": 2, "change_message": "[{\"changed\": {\"fields\": [\"Community\"]}}]"}}, {"model": "admin.logentry", "pk": 134, "fields": {"action_time": "2024-04-25T15:25:07.915Z", "user": 1, "content_type": 14, "object_id": "37", "object_repr": "Lontra de cachecol", "action_flag": 2, "change_message": "[{\"changed\": {\"fields\": [\"Community\"]}}]"}}, {"model": "admin.logentry", "pk": 135, "fields": {"action_time": "2024-04-25T16:22:21.187Z", "user": 1, "content_type": 23, "object_id": "1", "object_repr": "Nathalia", "action_flag": 2, "change_message": "[{\"changed\": {\"fields\": [\"Content\"]}}]"}}, {"model": "admin.logentry", "pk": 136, "fields": {"action_time": "2024-04-25T16:23:22.704Z", "user": 1, "content_type": 23, "object_id": "1", "object_repr": "Nathalia", "action_flag": 2, "change_message": "[{\"changed\": {\"fields\": [\"Content\"]}}]"}}, {"model": "admin.logentry", "pk": 137, "fields": {"action_time": "2024-04-25T16:24:18.790Z", "user": 1, "content_type": 23, "object_id": "1", "object_repr": "Nathalia", "action_flag": 2, "change_message": "[{\"changed\": {\"fields\": [\"Title\", \"Content\"]}}]"}}, {"model": "admin.logentry", "pk": 138, "fields": {"action_time": "2024-04-25T17:00:18.102Z", "user": 1, "content_type": 23, "object_id": "1", "object_repr": "Nathalia ❤️", "action_flag": 2, "change_message": "[{\"changed\": {\"fields\": [\"Artist\"]}}]"}}, {"model": "admin.logentry", "pk": 139, "fields": {"action_time": "2024-04-25T18:35:43.923Z", "user": 1, "content_type": 14, "object_id": "29", "object_repr": "Bee in crayons", "action_flag": 2, "change_message": "[{\"changed\": {\"fields\": [\"Offers\", \"Community\"]}}]"}}, {"model": "admin.logentry", "pk": 140, "fields": {"action_time": "2024-04-26T07:24:57.113Z", "user": 1, "content_type": 30, "object_id": "1", "object_repr": "dadwdwdwddw  efegrer gb h t hrh5 | sent by Nathalia ❤️ ", "action_flag": 1, "change_message": "[{\"added\": {}}]"}}, {"model": "admin.logentry", "pk": 141, "fields": {"action_time": "2024-04-26T12:15:49.452Z", "user": 1, "content_type": 30, "object_id": "1", "object_repr": "dadwdwdwddw  efegrer gb h t hrh5 | sent by Nathalia ❤️ ", "action_flag": 2, "change_message": "[{\"changed\": {\"fields\": [\"Image\"]}}]"}}, {"model": "admin.logentry", "pk": 142, "fields": {"action_time": "2024-04-26T12:18:21.946Z", "user": 1, "content_type": 30, "object_id": "1", "object_repr": "dadwdwdwddw  efegrer gb h t hrh5 | sent by Nathalia ❤️ ", "action_flag": 2, "change_message": "[{\"changed\": {\"fields\": [\"Image\"]}}]"}}, {"model": "admin.logentry", "pk": 143, "fields": {"action_time": "2024-04-26T12:30:47.391Z", "user": 1, "content_type": 30, "object_id": "2", "object_repr": "o thomas é lindo | sent by Nathalia ❤️ ", "action_flag": 1, "change_message": "[{\"added\": {}}]"}}, {"model": "admin.logentry", "pk": 144, "fields": {"action_time": "2024-04-26T13:49:11.129Z", "user": 1, "content_type": 30, "object_id": "3", "object_repr": "ai meu deus | sent by Nathalia ❤️ ", "action_flag": 1, "change_message": "[{\"added\": {}}]"}}, {"model": "admin.logentry", "pk": 145, "fields": {"action_time": "2024-04-26T14:04:41.005Z", "user": 1, "content_type": 30, "object_id": "4", "object_repr": "csacewce vre gerger ger ger ger | sent by Nathalia ❤️ ", "action_flag": 1, "change_message": "[{\"added\": {}}]"}}, {"model": "admin.logentry", "pk": 146, "fields": {"action_time": "2024-04-26T14:05:12.786Z", "user": 1, "content_type": 30, "object_id": "4", "object_repr": "csacewce vre gerger ger ger ger | sent by Nathalia ❤️ ", "action_flag": 2, "change_message": "[]"}}, {"model": "admin.logentry", "pk": 147, "fields": {"action_time": "2024-04-26T15:18:08.791Z", "user": 1, "content_type": 23, "object_id": "1", "object_repr": "Nathalia ❤️", "action_flag": 2, "change_message": "[{\"changed\": {\"fields\": [\"Image\"]}}]"}}, {"model": "admin.logentry", "pk": 148, "fields": {"action_time": "2024-04-26T15:19:40.884Z", "user": 1, "content_type": 23, "object_id": "1", "object_repr": "Nathalia ❤️", "action_flag": 2, "change_message": "[{\"changed\": {\"fields\": [\"Image\"]}}]"}}, {"model": "admin.logentry", "pk": 149, "fields": {"action_time": "2024-04-26T15:28:06.443Z", "user": 1, "content_type": 30, "object_id": "5", "object_repr": "This card means a lot to me (and to my husband)! ✨️ | sent by Nathalia ❤️ ", "action_flag": 1, "change_message": "[{\"added\": {}}]"}}, {"model": "admin.logentry", "pk": 150, "fields": {"action_time": "2024-04-26T15:29:41.308Z", "user": 1, "content_type": 30, "object_id": "6", "object_repr": "A Drawing Story | sent by Nathalia ❤️ ", "action_flag": 1, "change_message": "[{\"added\": {}}]"}}, {"model": "admin.logentry", "pk": 151, "fields": {"action_time": "2024-04-26T15:31:05.814Z", "user": 1, "content_type": 30, "object_id": "7", "object_repr": "Starting a New Business | sent by Nathalia ❤️ ", "action_flag": 1, "change_message": "[{\"added\": {}}]"}}, {"model": "admin.logentry", "pk": 152, "fields": {"action_time": "2024-04-26T15:34:16.421Z", "user": 1, "content_type": 30, "object_id": "8", "object_repr": "Journey Through My Graphic Design Course | sent by Nathalia ❤️ ", "action_flag": 1, "change_message": "[{\"added\": {}}]"}}, {"model": "admin.logentry", "pk": 153, "fields": {"action_time": "2024-04-26T15:36:49.241Z", "user": 1, "content_type": 30, "object_id": "9", "object_repr": "Art Project between Ireland and Brazil | sent by Nathalia ❤️ ", "action_flag": 1, "change_message": "[{\"added\": {}}]"}}, {"model": "admin.logentry", "pk": 154, "fields": {"action_time": "2024-04-26T15:43:17.751Z", "user": 1, "content_type": 30, "object_id": "10", "object_repr": "Art for Change: Empowering Voices, Inspiring Action | sent by Nathalia ❤️ ", "action_flag": 1, "change_message": "[{\"added\": {}}]"}}, {"model": "admin.logentry", "pk": 155, "fields": {"action_time": "2024-04-26T15:45:57.555Z", "user": 1, "content_type": 30, "object_id": "1", "object_repr": "dadwdwdwddw  efegrer gb h t hrh5 | sent by Nathalia ❤️ ", "action_flag": 3, "change_message": ""}}, {"model": "admin.logentry", "pk": 156, "fields": {"action_time": "2024-04-26T15:46:02.191Z", "user": 1, "content_type": 30, "object_id": "2", "object_repr": "o thomas é lindo | sent by Nathalia ❤️ ", "action_flag": 3, "change_message": ""}}, {"model": "admin.logentry", "pk": 157, "fields": {"action_time": "2024-04-26T15:46:07.235Z", "user": 1, "content_type": 30, "object_id": "3", "object_repr": "ai meu deus | sent by Nathalia ❤️ ", "action_flag": 3, "change_message": ""}}, {"model": "admin.logentry", "pk": 158, "fields": {"action_time": "2024-04-26T15:46:10.868Z", "user": 1, "content_type": 30, "object_id": "4", "object_repr": "csacewce vre gerger ger ger ger | sent by Nathalia ❤️ ", "action_flag": 3, "change_message": ""}}, {"model": "admin.logentry", "pk": 159, "fields": {"action_time": "2024-04-26T18:09:07.556Z", "user": 1, "content_type": 14, "object_id": "12", "object_repr": "Robin in Watercolor", "action_flag": 2, "change_message": "[{\"changed\": {\"fields\": [\"Name\", \"Description\"]}}]"}}, {"model": "admin.logentry", "pk": 160, "fields": {"action_time": "2024-04-26T18:12:11.643Z", "user": 1, "content_type": 14, "object_id": "19", "object_repr": "Pig in Watercolor 🐷", "action_flag": 2, "change_message": "[{\"changed\": {\"fields\": [\"Name\", \"Description\"]}}]"}}, {"model": "admin.logentry", "pk": 161, "fields": {"action_time": "2024-04-26T18:12:28.674Z", "user": 1, "content_type": 14, "object_id": "12", "object_repr": "Robin in Watercolor 🐦", "action_flag": 2, "change_message": "[{\"changed\": {\"fields\": [\"Name\", \"Description\"]}}]"}}, {"model": "admin.logentry", "pk": 162, "fields": {"action_time": "2024-04-26T18:12:38.511Z", "user": 1, "content_type": 14, "object_id": "19", "object_repr": "Pig in Watercolor 🐷", "action_flag": 2, "change_message": "[{\"changed\": {\"fields\": [\"Description\"]}}]"}}, {"model": "admin.logentry", "pk": 163, "fields": {"action_time": "2024-04-26T18:14:31.628Z", "user": 1, "content_type": 14, "object_id": "12", "object_repr": "Robin in Watercolor 🐦", "action_flag": 2, "change_message": "[]"}}, {"model": "admin.logentry", "pk": 164, "fields": {"action_time": "2024-04-26T18:15:16.479Z", "user": 1, "content_type": 14, "object_id": "19", "object_repr": "Pig in Watercolor 🐷", "action_flag": 2, "change_message": "[]"}}, {"model": "admin.logentry", "pk": 165, "fields": {"action_time": "2024-04-29T11:23:04.919Z", "user": 1, "content_type": 33, "object_id": "1", "object_repr": "Birds", "action_flag": 1, "change_message": "[{\"added\": {}}]"}}, {"model": "admin.logentry", "pk": 166, "fields": {"action_time": "2024-04-29T11:38:50.027Z", "user": 1, "content_type": 33, "object_id": "1", "object_repr": "Birds", "action_flag": 2, "change_message": "[]"}}, {"model": "admin.logentry", "pk": 167, "fields": {"action_time": "2024-04-29T11:50:41.624Z", "user": 1, "content_type": 32, "object_id": "1", "object_repr": "Feira de castletroy", "action_flag": 1, "change_message": "[{\"added\": {}}]"}}, {"model": "admin.logentry", "pk": 168, "fields": {"action_time": "2024-04-29T11:52:18.022Z", "user": 1, "content_type": 32, "object_id": "1", "object_repr": "Feira de castletroy", "action_flag": 2, "change_message": "[]"}}, {"model": "admin.logentry", "pk": 169, "fields": {"action_time": "2024-04-29T12:28:11.490Z", "user": 1, "content_type": 34, "object_id": "1", "object_repr": "castletroy thing", "action_flag": 1, "change_message": "[{\"added\": {}}]"}}, {"model": "admin.logentry", "pk": 170, "fields": {"action_time": "2024-04-29T15:06:13.002Z", "user": 1, "content_type": 34, "object_id": "2", "object_repr": "olá de novo", "action_flag": 1, "change_message": "[{\"added\": {}}]"}}, {"model": "admin.logentry", "pk": 171, "fields": {"action_time": "2024-04-29T15:27:31.299Z", "user": 1, "content_type": 34, "object_id": "3", "object_repr": "beberb", "action_flag": 1, "change_message": "[{\"added\": {}}]"}}, {"model": "admin.logentry", "pk": 172, "fields": {"action_time": "2024-04-29T15:27:51.930Z", "user": 1, "content_type": 34, "object_id": "4", "object_repr": "gergerav arbre sre tesrta4et", "action_flag": 1, "change_message": "[{\"added\": {}}]"}}, {"model": "admin.logentry", "pk": 173, "fields": {"action_time": "2024-04-29T17:21:47.459Z", "user": 1, "content_type": 34, "object_id": "5", "object_repr": "teste", "action_flag": 1, "change_message": "[{\"added\": {}}]"}}, {"model": "admin.logentry", "pk": 174, "fields": {"action_time": "2024-04-30T14:04:14.449Z", "user": 1, "content_type": 14, "object_id": "29", "object_repr": "Bee in crayons", "action_flag": 2, "change_message": "[{\"changed\": {\"fields\": [\"Offers\"]}}]"}}, {"model": "admin.logentry", "pk": 175, "fields": {"action_time": "2024-05-08T14:32:34.003Z", "user": 1, "content_type": 14, "object_id": "13", "object_repr": "Christmas - Sheep", "action_flag": 2, "change_message": "[{\"changed\": {\"fields\": [\"Digital\"]}}]"}}, {"model": "admin.logentry", "pk": 176, "fields": {"action_time": "2024-05-08T14:36:01.080Z", "user": 1, "content_type": 14, "object_id": "25", "object_repr": "Flowers in card watercolor", "action_flag": 2, "change_message": "[{\"changed\": {\"fields\": [\"Digital\"]}}]"}}, {"model": "admin.logentry", "pk": 177, "fields": {"action_time": "2024-05-08T14:37:11.486Z", "user": 1, "content_type": 14, "object_id": "25", "object_repr": "Flowers in card watercolor", "action_flag": 2, "change_message": "[]"}}, {"model": "admin.logentry", "pk": 178, "fields": {"action_time": "2024-05-08T14:43:18.281Z", "user": 1, "content_type": 15, "object_id": "9", "object_repr": "Digital Canva", "action_flag": 1, "change_message": "[{\"added\": {}}]"}}, {"model": "admin.logentry", "pk": 179, "fields": {"action_time": "2024-05-08T14:43:44.439Z", "user": 1, "content_type": 18, "object_id": "4", "object_repr": "A4 print", "action_flag": 1, "change_message": "[{\"added\": {}}]"}}, {"model": "admin.logentry", "pk": 180, "fields": {"action_time": "2024-05-08T14:44:20.635Z", "user": 1, "content_type": 20, "object_id": "7", "object_repr": "Digital Canva", "action_flag": 1, "change_message": "[{\"added\": {}}]"}}, {"model": "admin.logentry", "pk": 181, "fields": {"action_time": "2024-05-08T14:45:17.065Z", "user": 1, "content_type": 15, "object_id": "10", "object_repr": "Digital Pen", "action_flag": 1, "change_message": "[{\"added\": {}}]"}}, {"model": "admin.logentry", "pk": 182, "fields": {"action_time": "2024-05-08T14:46:15.949Z", "user": 1, "content_type": 17, "object_id": "7", "object_repr": "Digital Filling", "action_flag": 1, "change_message": "[{\"added\": {}}]"}}, {"model": "auth.permission", "pk": 1, "fields": {"name": "Can add log entry", "content_type": 1, "codename": "add_logentry"}}, {"model": "auth.permission", "pk": 2, "fields": {"name": "Can change log entry", "content_type": 1, "codename": "change_logentry"}}, {"model": "auth.permission", "pk": 3, "fields": {"name": "Can delete log entry", "content_type": 1, "codename": "delete_logentry"}}, {"model": "auth.permission", "pk": 4, "fields": {"name": "Can view log entry", "content_type": 1, "codename": "view_logentry"}}, {"model": "auth.permission", "pk": 5, "fields": {"name": "Can add permission", "content_type": 2, "codename": "add_permission"}}, {"model": "auth.permission", "pk": 6, "fields": {"name": "Can change permission", "content_type": 2, "codename": "change_permission"}}, {"model": "auth.permission", "pk": 7, "fields": {"name": "Can delete permission", "content_type": 2, "codename": "delete_permission"}}, {"model": "auth.permission", "pk": 8, "fields": {"name": "Can view permission", "content_type": 2, "codename": "view_permission"}}, {"model": "auth.permission", "pk": 9, "fields": {"name": "Can add group", "content_type": 3, "codename": "add_group"}}, {"model": "auth.permission", "pk": 10, "fields": {"name": "Can change group", "content_type": 3, "codename": "change_group"}}, {"model": "auth.permission", "pk": 11, "fields": {"name": "Can delete group", "content_type": 3, "codename": "delete_group"}}, {"model": "auth.permission", "pk": 12, "fields": {"name": "Can view group", "content_type": 3, "codename": "view_group"}}, {"model": "auth.permission", "pk": 13, "fields": {"name": "Can add user", "content_type": 4, "codename": "add_user"}}, {"model": "auth.permission", "pk": 14, "fields": {"name": "Can change user", "content_type": 4, "codename": "change_user"}}, {"model": "auth.permission", "pk": 15, "fields": {"name": "Can delete user", "content_type": 4, "codename": "delete_user"}}, {"model": "auth.permission", "pk": 16, "fields": {"name": "Can view user", "content_type": 4, "codename": "view_user"}}, {"model": "auth.permission", "pk": 17, "fields": {"name": "Can add content type", "content_type": 5, "codename": "add_contenttype"}}, {"model": "auth.permission", "pk": 18, "fields": {"name": "Can change content type", "content_type": 5, "codename": "change_contenttype"}}, {"model": "auth.permission", "pk": 19, "fields": {"name": "Can delete content type", "content_type": 5, "codename": "delete_contenttype"}}, {"model": "auth.permission", "pk": 20, "fields": {"name": "Can view content type", "content_type": 5, "codename": "view_contenttype"}}, {"model": "auth.permission", "pk": 21, "fields": {"name": "Can add session", "content_type": 6, "codename": "add_session"}}, {"model": "auth.permission", "pk": 22, "fields": {"name": "Can change session", "content_type": 6, "codename": "change_session"}}, {"model": "auth.permission", "pk": 23, "fields": {"name": "Can delete session", "content_type": 6, "codename": "delete_session"}}, {"model": "auth.permission", "pk": 24, "fields": {"name": "Can view session", "content_type": 6, "codename": "view_session"}}, {"model": "auth.permission", "pk": 25, "fields": {"name": "Can add site", "content_type": 7, "codename": "add_site"}}, {"model": "auth.permission", "pk": 26, "fields": {"name": "Can change site", "content_type": 7, "codename": "change_site"}}, {"model": "auth.permission", "pk": 27, "fields": {"name": "Can delete site", "content_type": 7, "codename": "delete_site"}}, {"model": "auth.permission", "pk": 28, "fields": {"name": "Can view site", "content_type": 7, "codename": "view_site"}}, {"model": "auth.permission", "pk": 29, "fields": {"name": "Can add email address", "content_type": 8, "codename": "add_emailaddress"}}, {"model": "auth.permission", "pk": 30, "fields": {"name": "Can change email address", "content_type": 8, "codename": "change_emailaddress"}}, {"model": "auth.permission", "pk": 31, "fields": {"name": "Can delete email address", "content_type": 8, "codename": "delete_emailaddress"}}, {"model": "auth.permission", "pk": 32, "fields": {"name": "Can view email address", "content_type": 8, "codename": "view_emailaddress"}}, {"model": "auth.permission", "pk": 33, "fields": {"name": "Can add email confirmation", "content_type": 9, "codename": "add_emailconfirmation"}}, {"model": "auth.permission", "pk": 34, "fields": {"name": "Can change email confirmation", "content_type": 9, "codename": "change_emailconfirmation"}}, {"model": "auth.permission", "pk": 35, "fields": {"name": "Can delete email confirmation", "content_type": 9, "codename": "delete_emailconfirmation"}}, {"model": "auth.permission", "pk": 36, "fields": {"name": "Can view email confirmation", "content_type": 9, "codename": "view_emailconfirmation"}}, {"model": "auth.permission", "pk": 37, "fields": {"name": "Can add social account", "content_type": 10, "codename": "add_socialaccount"}}, {"model": "auth.permission", "pk": 38, "fields": {"name": "Can change social account", "content_type": 10, "codename": "change_socialaccount"}}, {"model": "auth.permission", "pk": 39, "fields": {"name": "Can delete social account", "content_type": 10, "codename": "delete_socialaccount"}}, {"model": "auth.permission", "pk": 40, "fields": {"name": "Can view social account", "content_type": 10, "codename": "view_socialaccount"}}, {"model": "auth.permission", "pk": 41, "fields": {"name": "Can add social application", "content_type": 11, "codename": "add_socialapp"}}, {"model": "auth.permission", "pk": 42, "fields": {"name": "Can change social application", "content_type": 11, "codename": "change_socialapp"}}, {"model": "auth.permission", "pk": 43, "fields": {"name": "Can delete social application", "content_type": 11, "codename": "delete_socialapp"}}, {"model": "auth.permission", "pk": 44, "fields": {"name": "Can view social application", "content_type": 11, "codename": "view_socialapp"}}, {"model": "auth.permission", "pk": 45, "fields": {"name": "Can add social application token", "content_type": 12, "codename": "add_socialtoken"}}, {"model": "auth.permission", "pk": 46, "fields": {"name": "Can change social application token", "content_type": 12, "codename": "change_socialtoken"}}, {"model": "auth.permission", "pk": 47, "fields": {"name": "Can delete social application token", "content_type": 12, "codename": "delete_socialtoken"}}, {"model": "auth.permission", "pk": 48, "fields": {"name": "Can view social application token", "content_type": 12, "codename": "view_socialtoken"}}, {"model": "auth.permission", "pk": 49, "fields": {"name": "Can add category", "content_type": 13, "codename": "add_category"}}, {"model": "auth.permission", "pk": 50, "fields": {"name": "Can change category", "content_type": 13, "codename": "change_category"}}, {"model": "auth.permission", "pk": 51, "fields": {"name": "Can delete category", "content_type": 13, "codename": "delete_category"}}, {"model": "auth.permission", "pk": 52, "fields": {"name": "Can view category", "content_type": 13, "codename": "view_category"}}, {"model": "auth.permission", "pk": 53, "fields": {"name": "Can add product", "content_type": 14, "codename": "add_product"}}, {"model": "auth.permission", "pk": 54, "fields": {"name": "Can change product", "content_type": 14, "codename": "change_product"}}, {"model": "auth.permission", "pk": 55, "fields": {"name": "Can delete product", "content_type": 14, "codename": "delete_product"}}, {"model": "auth.permission", "pk": 56, "fields": {"name": "Can view product", "content_type": 14, "codename": "view_product"}}, {"model": "auth.permission", "pk": 57, "fields": {"name": "Can add material", "content_type": 15, "codename": "add_material"}}, {"model": "auth.permission", "pk": 58, "fields": {"name": "Can change material", "content_type": 15, "codename": "change_material"}}, {"model": "auth.permission", "pk": 59, "fields": {"name": "Can delete material", "content_type": 15, "codename": "delete_material"}}, {"model": "auth.permission", "pk": 60, "fields": {"name": "Can view material", "content_type": 15, "codename": "view_material"}}, {"model": "auth.permission", "pk": 61, "fields": {"name": "Can add product tags", "content_type": 16, "codename": "add_producttags"}}, {"model": "auth.permission", "pk": 62, "fields": {"name": "Can change product tags", "content_type": 16, "codename": "change_producttags"}}, {"model": "auth.permission", "pk": 63, "fields": {"name": "Can delete product tags", "content_type": 16, "codename": "delete_producttags"}}, {"model": "auth.permission", "pk": 64, "fields": {"name": "Can view product tags", "content_type": 16, "codename": "view_producttags"}}, {"model": "auth.permission", "pk": 65, "fields": {"name": "Can add paint", "content_type": 17, "codename": "add_paint"}}, {"model": "auth.permission", "pk": 66, "fields": {"name": "Can change paint", "content_type": 17, "codename": "change_paint"}}, {"model": "auth.permission", "pk": 67, "fields": {"name": "Can delete paint", "content_type": 17, "codename": "delete_paint"}}, {"model": "auth.permission", "pk": 68, "fields": {"name": "Can view paint", "content_type": 17, "codename": "view_paint"}}, {"model": "auth.permission", "pk": 69, "fields": {"name": "Can add surface", "content_type": 18, "codename": "add_surface"}}, {"model": "auth.permission", "pk": 70, "fields": {"name": "Can change surface", "content_type": 18, "codename": "change_surface"}}, {"model": "auth.permission", "pk": 71, "fields": {"name": "Can delete surface", "content_type": 18, "codename": "delete_surface"}}, {"model": "auth.permission", "pk": 72, "fields": {"name": "Can view surface", "content_type": 18, "codename": "view_surface"}}, {"model": "auth.permission", "pk": 73, "fields": {"name": "Can add frame", "content_type": 19, "codename": "add_frame"}}, {"model": "auth.permission", "pk": 74, "fields": {"name": "Can change frame", "content_type": 19, "codename": "change_frame"}}, {"model": "auth.permission", "pk": 75, "fields": {"name": "Can delete frame", "content_type": 19, "codename": "delete_frame"}}, {"model": "auth.permission", "pk": 76, "fields": {"name": "Can view frame", "content_type": 19, "codename": "view_frame"}}, {"model": "auth.permission", "pk": 77, "fields": {"name": "Can add paper", "content_type": 20, "codename": "add_paper"}}, {"model": "auth.permission", "pk": 78, "fields": {"name": "Can change paper", "content_type": 20, "codename": "change_paper"}}, {"model": "auth.permission", "pk": 79, "fields": {"name": "Can delete paper", "content_type": 20, "codename": "delete_paper"}}, {"model": "auth.permission", "pk": 80, "fields": {"name": "Can view paper", "content_type": 20, "codename": "view_paper"}}, {"model": "auth.permission", "pk": 81, "fields": {"name": "Can add order line item", "content_type": 21, "codename": "add_orderlineitem"}}, {"model": "auth.permission", "pk": 82, "fields": {"name": "Can change order line item", "content_type": 21, "codename": "change_orderlineitem"}}, {"model": "auth.permission", "pk": 83, "fields": {"name": "Can delete order line item", "content_type": 21, "codename": "delete_orderlineitem"}}, {"model": "auth.permission", "pk": 84, "fields": {"name": "Can view order line item", "content_type": 21, "codename": "view_orderlineitem"}}, {"model": "auth.permission", "pk": 85, "fields": {"name": "Can add order", "content_type": 22, "codename": "add_order"}}, {"model": "auth.permission", "pk": 86, "fields": {"name": "Can change order", "content_type": 22, "codename": "change_order"}}, {"model": "auth.permission", "pk": 87, "fields": {"name": "Can delete order", "content_type": 22, "codename": "delete_order"}}, {"model": "auth.permission", "pk": 88, "fields": {"name": "Can view order", "content_type": 22, "codename": "view_order"}}, {"model": "auth.permission", "pk": 89, "fields": {"name": "Can add about me", "content_type": 23, "codename": "add_aboutme"}}, {"model": "auth.permission", "pk": 90, "fields": {"name": "Can change about me", "content_type": 23, "codename": "change_aboutme"}}, {"model": "auth.permission", "pk": 91, "fields": {"name": "Can delete about me", "content_type": 23, "codename": "delete_aboutme"}}, {"model": "auth.permission", "pk": 92, "fields": {"name": "Can view about me", "content_type": 23, "codename": "view_aboutme"}}, {"model": "auth.permission", "pk": 93, "fields": {"name": "Can add personalised product", "content_type": 24, "codename": "add_personalisedproduct"}}, {"model": "auth.permission", "pk": 94, "fields": {"name": "Can change personalised product", "content_type": 24, "codename": "change_personalisedproduct"}}, {"model": "auth.permission", "pk": 95, "fields": {"name": "Can delete personalised product", "content_type": 24, "codename": "delete_personalisedproduct"}}, {"model": "auth.permission", "pk": 96, "fields": {"name": "Can view personalised product", "content_type": 24, "codename": "view_personalisedproduct"}}, {"model": "auth.permission", "pk": 97, "fields": {"name": "Can add order personalised", "content_type": 25, "codename": "add_orderpersonalised"}}, {"model": "auth.permission", "pk": 98, "fields": {"name": "Can change order personalised", "content_type": 25, "codename": "change_orderpersonalised"}}, {"model": "auth.permission", "pk": 99, "fields": {"name": "Can delete order personalised", "content_type": 25, "codename": "delete_orderpersonalised"}}, {"model": "auth.permission", "pk": 100, "fields": {"name": "Can view order personalised", "content_type": 25, "codename": "view_orderpersonalised"}}, {"model": "auth.permission", "pk": 101, "fields": {"name": "Can add personalised order line item", "content_type": 26, "codename": "add_personalisedorderlineitem"}}, {"model": "auth.permission", "pk": 102, "fields": {"name": "Can change personalised order line item", "content_type": 26, "codename": "change_personalisedorderlineitem"}}, {"model": "auth.permission", "pk": 103, "fields": {"name": "Can delete personalised order line item", "content_type": 26, "codename": "delete_personalisedorderlineitem"}}, {"model": "auth.permission", "pk": 104, "fields": {"name": "Can view personalised order line item", "content_type": 26, "codename": "view_personalisedorderlineitem"}}, {"model": "auth.permission", "pk": 105, "fields": {"name": "Can add personalised", "content_type": 27, "codename": "add_personalised"}}, {"model": "auth.permission", "pk": 106, "fields": {"name": "Can change personalised", "content_type": 27, "codename": "change_personalised"}}, {"model": "auth.permission", "pk": 107, "fields": {"name": "Can delete personalised", "content_type": 27, "codename": "delete_personalised"}}, {"model": "auth.permission", "pk": 108, "fields": {"name": "Can view personalised", "content_type": 27, "codename": "view_personalised"}}, {"model": "auth.permission", "pk": 109, "fields": {"name": "Can add user profile", "content_type": 28, "codename": "add_userprofile"}}, {"model": "auth.permission", "pk": 110, "fields": {"name": "Can change user profile", "content_type": 28, "codename": "change_userprofile"}}, {"model": "auth.permission", "pk": 111, "fields": {"name": "Can delete user profile", "content_type": 28, "codename": "delete_userprofile"}}, {"model": "auth.permission", "pk": 112, "fields": {"name": "Can view user profile", "content_type": 28, "codename": "view_userprofile"}}, {"model": "auth.permission", "pk": 113, "fields": {"name": "Can add recommendation", "content_type": 29, "codename": "add_recommendation"}}, {"model": "auth.permission", "pk": 114, "fields": {"name": "Can change recommendation", "content_type": 29, "codename": "change_recommendation"}}, {"model": "auth.permission", "pk": 115, "fields": {"name": "Can delete recommendation", "content_type": 29, "codename": "delete_recommendation"}}, {"model": "auth.permission", "pk": 116, "fields": {"name": "Can view recommendation", "content_type": 29, "codename": "view_recommendation"}}, {"model": "auth.permission", "pk": 117, "fields": {"name": "Can add post", "content_type": 30, "codename": "add_post"}}, {"model": "auth.permission", "pk": 118, "fields": {"name": "Can change post", "content_type": 30, "codename": "change_post"}}, {"model": "auth.permission", "pk": 119, "fields": {"name": "Can delete post", "content_type": 30, "codename": "delete_post"}}, {"model": "auth.permission", "pk": 120, "fields": {"name": "Can view post", "content_type": 30, "codename": "view_post"}}, {"model": "auth.permission", "pk": 121, "fields": {"name": "Can add wishlist", "content_type": 31, "codename": "add_wishlist"}}, {"model": "auth.permission", "pk": 122, "fields": {"name": "Can change wishlist", "content_type": 31, "codename": "change_wishlist"}}, {"model": "auth.permission", "pk": 123, "fields": {"name": "Can delete wishlist", "content_type": 31, "codename": "delete_wishlist"}}, {"model": "auth.permission", "pk": 124, "fields": {"name": "Can view wishlist", "content_type": 31, "codename": "view_wishlist"}}, {"model": "auth.permission", "pk": 125, "fields": {"name": "Can add events", "content_type": 32, "codename": "add_events"}}, {"model": "auth.permission", "pk": 126, "fields": {"name": "Can change events", "content_type": 32, "codename": "change_events"}}, {"model": "auth.permission", "pk": 127, "fields": {"name": "Can delete events", "content_type": 32, "codename": "delete_events"}}, {"model": "auth.permission", "pk": 128, "fields": {"name": "Can view events", "content_type": 32, "codename": "view_events"}}, {"model": "auth.permission", "pk": 129, "fields": {"name": "Can add bundle", "content_type": 33, "codename": "add_bundle"}}, {"model": "auth.permission", "pk": 130, "fields": {"name": "Can change bundle", "content_type": 33, "codename": "change_bundle"}}, {"model": "auth.permission", "pk": 131, "fields": {"name": "Can delete bundle", "content_type": 33, "codename": "delete_bundle"}}, {"model": "auth.permission", "pk": 132, "fields": {"name": "Can view bundle", "content_type": 33, "codename": "view_bundle"}}, {"model": "auth.permission", "pk": 133, "fields": {"name": "Can add event", "content_type": 34, "codename": "add_event"}}, {"model": "auth.permission", "pk": 134, "fields": {"name": "Can change event", "content_type": 34, "codename": "change_event"}}, {"model": "auth.permission", "pk": 135, "fields": {"name": "Can delete event", "content_type": 34, "codename": "delete_event"}}, {"model": "auth.permission", "pk": 136, "fields": {"name": "Can view event", "content_type": 34, "codename": "view_event"}}, {"model": "auth.user", "pk": 1, "fields": {"password": "pbkdf2_sha256$600000$RfTe5iHFw7NrgaSpAJFg5Y$xZ9T/gJu90srU3aUKSs6d1MYhhZR/SSTmjy0obm3FHc=", "last_login": "2024-05-03T19:48:20.726Z", "is_superuser": true, "username": "nathalia", "first_name": "", "last_name": "", "email": "nat.advogada@gmail.com", "is_staff": true, "is_active": true, "date_joined": "2024-04-04T13:41:08.511Z", "groups": [], "user_permissions": []}}, {"model": "auth.user", "pk": 2, "fields": {"password": "pbkdf2_sha256$600000$JmkB52MXAvROXkiMWzxQNN$dB3QPGYaNHAnF9Fq2fzG17N5Mqx7DedV4pnEddLRImU=", "last_login": "2024-05-09T13:41:21.149Z", "is_superuser": false, "username": "nathalia2", "first_name": "", "last_name": "", "email": "nathalia55555@gmail.com", "is_staff": false, "is_active": true, "date_joined": "2024-04-19T14:45:24.607Z", "groups": [], "user_permissions": []}}, {"model": "auth.user", "pk": 3, "fields": {"password": "pbkdf2_sha256$600000$5b0GxQ2ZVa5xymCbJrsblH$LJSSOZTtrbnx+KqkXbFD1OotiK+4Mw8asFORwjrlePY=", "last_login": "2024-04-25T15:36:28.502Z", "is_superuser": false, "username": "nathalia3", "first_name": "", "last_name": "", "email": "nathaliamisc@gmail.com", "is_staff": false, "is_active": true, "date_joined": "2024-04-22T12:35:14.114Z", "groups": [], "user_permissions": []}}, {"model": "contenttypes.contenttype", "pk": 1, "fields": {"app_label": "admin", "model": "logentry"}}, {"model": "contenttypes.contenttype", "pk": 2, "fields": {"app_label": "auth", "model": "permission"}}, {"model": "contenttypes.contenttype", "pk": 3, "fields": {"app_label": "auth", "model": "group"}}, {"model": "contenttypes.contenttype", "pk": 4, "fields": {"app_label": "auth", "model": "user"}}, {"model": "contenttypes.contenttype", "pk": 5, "fields": {"app_label": "contenttypes", "model": "contenttype"}}, {"model": "contenttypes.contenttype", "pk": 6, "fields": {"app_label": "sessions", "model": "session"}}, {"model": "contenttypes.contenttype", "pk": 7, "fields": {"app_label": "sites", "model": "site"}}, {"model": "contenttypes.contenttype", "pk": 8, "fields": {"app_label": "account", "model": "emailaddress"}}, {"model": "contenttypes.contenttype", "pk": 9, "fields": {"app_label": "account", "model": "emailconfirmation"}}, {"model": "contenttypes.contenttype", "pk": 10, "fields": {"app_label": "socialaccount", "model": "socialaccount"}}, {"model": "contenttypes.contenttype", "pk": 11, "fields": {"app_label": "socialaccount", "model": "socialapp"}}, {"model": "contenttypes.contenttype", "pk": 12, "fields": {"app_label": "socialaccount", "model": "socialtoken"}}, {"model": "contenttypes.contenttype", "pk": 13, "fields": {"app_label": "products", "model": "category"}}, {"model": "contenttypes.contenttype", "pk": 14, "fields": {"app_label": "products", "model": "product"}}, {"model": "contenttypes.contenttype", "pk": 15, "fields": {"app_label": "products", "model": "material"}}, {"model": "contenttypes.contenttype", "pk": 16, "fields": {"app_label": "products", "model": "producttags"}}, {"model": "contenttypes.contenttype", "pk": 17, "fields": {"app_label": "products", "model": "paint"}}, {"model": "contenttypes.contenttype", "pk": 18, "fields": {"app_label": "products", "model": "surface"}}, {"model": "contenttypes.contenttype", "pk": 19, "fields": {"app_label": "products", "model": "frame"}}, {"model": "contenttypes.contenttype", "pk": 20, "fields": {"app_label": "products", "model": "paper"}}, {"model": "contenttypes.contenttype", "pk": 21, "fields": {"app_label": "checkout", "model": "orderlineitem"}}, {"model": "contenttypes.contenttype", "pk": 22, "fields": {"app_label": "checkout", "model": "order"}}, {"model": "contenttypes.contenttype", "pk": 23, "fields": {"app_label": "about", "model": "aboutme"}}, {"model": "contenttypes.contenttype", "pk": 24, "fields": {"app_label": "products", "model": "personalisedproduct"}}, {"model": "contenttypes.contenttype", "pk": 25, "fields": {"app_label": "personalised", "model": "orderpersonalised"}}, {"model": "contenttypes.contenttype", "pk": 26, "fields": {"app_label": "personalised", "model": "personalisedorderlineitem"}}, {"model": "contenttypes.contenttype", "pk": 27, "fields": {"app_label": "personalised", "model": "personalised"}}, {"model": "contenttypes.contenttype", "pk": 28, "fields": {"app_label": "profiles", "model": "userprofile"}}, {"model": "contenttypes.contenttype", "pk": 29, "fields": {"app_label": "profiles", "model": "recommendation"}}, {"model": "contenttypes.contenttype", "pk": 30, "fields": {"app_label": "blog", "model": "post"}}, {"model": "contenttypes.contenttype", "pk": 31, "fields": {"app_label": "wishlist", "model": "wishlist"}}, {"model": "contenttypes.contenttype", "pk": 32, "fields": {"app_label": "events", "model": "events"}}, {"model": "contenttypes.contenttype", "pk": 33, "fields": {"app_label": "products", "model": "bundle"}}, {"model": "contenttypes.contenttype", "pk": 34, "fields": {"app_label": "events", "model": "event"}}, {"model": "sessions.session", "pk": "2qwab86qmw442xqvdef820ipm9dz34c7", "fields": {"session_data": ".eJxVjstuwyAQRf-FdYTAvL3MPt-AxsM4JokgMlhqVfXfa1detLur-zi6XyzC1pe4NVpjTmxkkl3-ehPgk8oRpAeUe-VYS1_zxI8KP9PGbzXR63p2_wEWaMu-9qCIzEQoyLpkD2l8UMZJQC_BJ6WsnOXsgxdAczConZq0nr0TaJ3aoYBYt9J_2VR6RuiUInQ2Sie1DsJIxd2gBxvCfqFRa7mWSB_vvH6yUXz_ADzYTWE:1s1pRW:HiB6nlOpjg2_hLvDshIBtZ0tKQPguQk6u2i9e_2RbDE", "expire_date": "2024-05-14T15:30:54.122Z"}}, {"model": "sessions.session", "pk": "98ikkc8iqlozqki79wumq7v1dyl82h6t", "fields": {"session_data": ".eJxVjk0OwiAQhe_C2hAoUGiX7j0DmQ5TixowhSYa491tTRe6e3k_X96LeVjq5JdCs4-B9Uyyw683AF4pbUG4QDpnjjnVOQ58q_A9LfyUA92Oe_cPMEGZ1rUDRWQGQkGtDe0mjeuUsRLQSXBBqVaOcnSdE0BjZ1BbNWg9OiuwtWqFAmJeUv2yKdWIUCl4qKyXVmptG-sEb7TphFofFCol5uTpcY_zk_Xi_QHyjE0n:1s1kgm:qM8wR4TA7-Q2GsEUOXhtJ9SUEenTSZECZn4Lzod2Bgo", "expire_date": "2024-05-14T10:26:20.351Z"}}, {"model": "sessions.session", "pk": "gc3x2gi6b84av2v41pocdgkq0q6fvm75", "fields": {"session_data": ".eJxVjk0OwiAQhe_C2hBGaKFduvcMZDpMLWrAFJpojHe3NS509_J-vryn8LjUyS-FZx-D6AWI3a83IF04bUE4YzplSTnVOQ5yq8hvWuQxB74evt0_wIRlWtcONXMzMClubWg32bhONxaQHKALWrcwwug6p5DHriFj9WDM6Kyi1uoVikR5SfXD5lQjYeXgsYoeLBizNwCdtBqUs_v1QuFSYk6e77c4P0SvXm87pU1V:1s1aUK:UHB3ozy5mtAQ9ukcXILXPjNpQZYapQu-PYhp00WCByw", "expire_date": "2024-05-13T23:32:48.006Z"}}, {"model": "sessions.session", "pk": "ifnr1bcma78gvatvt3nc13nroehxuzxg", "fields": {"session_data": ".eJxVjs2uwiAQhd-FtSFMoYV26d5nINNharnXgCk00Rjf3da40N3J-flyHsLjWme_Fl58DGIQIA7f3oj0z2kPwh-mc5aUU13iKPeK_KRFnnLgy_HT_QHMWOZt7VAztyOT4s6Gbpet63VrAckBuqB1BxNMrncKeepbMlaPxkzOKuqs3qBIlNdU32xONRJWDh6rGMCCaYxprJHgoLHKbBcKlxJz8ny7xuUuBvV8ATtrTVI:1s0niv:C9R1Bi4pstnmogewRk4LNz_GYp64LYqj4sdGjj7dh1w", "expire_date": "2024-05-11T19:28:37.375Z"}}, {"model": "sessions.session", "pk": "loseli2kbxv92z3pq3260bhf3r7n5ddw", "fields": {"session_data": "e30:1rysku:MwELwD8VSsYQVwf4sqhChNwA_E7mc7V-NAhdGxvupJ8", "expire_date": "2024-05-06T12:26:44.237Z"}}, {"model": "sessions.session", "pk": "o73meqi8m0ejvlhxeoh5z77t63keoys6", "fields": {"session_data": ".eJxVjssOwiAURP-FtSG82kKX7v0GcrncWtSAKTTRGP_dalzodmbOyTyYh7XNfq20-BTZyCTb_WYB8Ez5XcQT5GPhWHJbUuDvCf-2lR9KpMv-u_0TzFDnjQYI0VlniWKwOFhUPcTOhYnAhh5AGAI0pJw1clLGaCPQ9sGBFiCiNpsUEMua28dNuSWERtFDY6McpNoY0_Vca6Fktz2oVGsq2dPtmpY7G8XzBUyETeo:1rsP04:oz9coZtiKyI5AV0PQx-6eLlo5jYt7s8U3PNWhlL4oJg", "expire_date": "2024-04-18T15:27:36.331Z"}}, {"model": "sessions.session", "pk": "oxyhe2taj2pcqz1l05bmqjhixeqn1oyj", "fields": {"session_data": ".eJxVjs2qwjAQhd8lawkd8tsu3fsMYTqZ2qgk0qRwL-K724oL3R3Oz8d5iIBrm8NaeQkpikGAOHx7I9KV8x7EC-ZzkVRyW9Io94r8pFWeSuTb8dP9AcxY523tUTGbkalj66LdpfG9Mg6QPKCPSlmYYPK975Cn3pB2atR68q4j69QGRaKy5vZmc26JsHEM2MQADrR1plcgAbSxZntQudZUcuC_e1r-xdA9X_LJTSk:1s2baa:Mfv83RWXcPZha4v8Xi7P7GRQVk4ybIGDNl24NY6q-PM", "expire_date": "2024-05-16T18:55:28.251Z"}}, {"model": "sessions.session", "pk": "q18m1b3xy1rls0bnla615ckdxwq48760", "fields": {"session_data": ".eJxVjsFOBCEQRP-FsyHdLAMzc_TuN5Bu6HFQA2ZgEs1m_13W7EGvr6pe6qoCnX0PZ5Mj5KRWZdTTX8YU36Xcg_RG5bXqWEs_Mut7RT_Spl9qko_nR_efYKe2j7VNQik6vzhkWJBxwzRPG0Bylnje_AY4CBpg6xkY7OXiBabFDO4iDynFWM_Sf91Seo7UJQXqakWPk3EGZtQ4Wes9jgtNWsu1BPn6zMe3WuH2A_1BTLQ:1s541n:yV-38sgbF0E4wIGJO93LOGKQv2PfngC8OZJyrrsLxUc", "expire_date": "2024-05-23T13:41:43.744Z"}}, {"model": "sessions.session", "pk": "q91xnpr1ogfw7ztpmjdvhr0b3fvqirve", "fields": {"session_data": ".eJxVjstqwzAQRf9F6yAk9Bp72X2_QYxH41htkYolQ0LIv8cOXrS7y30c7kNE3PoSt8ZrzEmMQovLX29C-uZyBOkLy7VKqqWveZJHRZ5pk5818c_H2f0HWLAt-xrQMLuJSbEPyR_SwWBc0EigEZIxXs96hgEU8jw4ssFM1s4QFPlgdigS1a30N5tLz4SdU8QuRh20NQB-CFKpYMG4_ULj1nItkW-_eb2LUT1fPf9NaA:1s1VPK:-NeIPq218NTVmAOq21Sm1nJIh4AsUYtMy_Z-8oucICU", "expire_date": "2024-05-13T18:07:18.212Z"}}, {"model": "sessions.session", "pk": "tdj7i97jkondbij4q127yhk0r0db79pq", "fields": {"session_data": ".eJxVjklOxDAQRe9S68jyFE9L9pzBKtuVjgE5KHYkUKvvToJ6AbuvPzz9O0Q8xhqPTnusBQIImP56CfM7tSsob9huG8tbG3tN7KqwZ9rZ61bo4-XZ_QdYsa_n2qEimhNlTsYWc8nZeTVbgdkJdEUpIxaxOO840uLnrK1KWi_O8mysOqGY83a08cumNmrGQSXigCCs0NpKKzkTRkrl1XmhU-91a5G-Puv-DYFPkPAG4Q5CQbATCHkuJ5Aegnw8fgBaUVO-:1s1rQG:07DYBQxDitUTJqadO5m-WkBap7Apo9wypfldmN91Qnc", "expire_date": "2024-05-14T17:37:44.626Z"}}, {"model": "sessions.session", "pk": "yap825e4928fl48jqvnduin6h6kx2dz1", "fields": {"session_data": ".eJxlj0tOxDAQRO_S6yjyZ8b2ZMmeM1htu00MwR75MwIh7k6CRiDEtl5VqeoD0Psycrc3qikmCpZeMW2w5LFt0w8djSosIGECi6Ov34JN4b_m0L9QPkB4xvxUZl9yr8nNh2W-0zY_lkDbw937p2DFtu5pF9RZu0jmzJWMDKNBChfmhDBcKKeMZuHkmJJeB--51h7RkPBOcsaJE_yOP7op9-Sx7_-ww8I1l9pcpGKzlpIbcdonNGotlWzp7ZrqOyxsgoY3sinHAkuvgz6_APTCZXc:1ryuMP:qGgK4d7-9iA_og6CCLzQHzXX9stdvOsQ9zsHHwZtGzg", "expire_date": "2024-05-06T14:09:33.135Z"}}, {"model": "sites.site", "pk": 1, "fields": {"domain": "drawinggratidude.example.com", "name": "Drawing Gratitude"}}, {"model": "account.emailaddress", "pk": 1, "fields": {"user": 1, "email": "nat.advogada@gmail.com", "verified": true, "primary": true}}, {"model": "account.emailaddress", "pk": 2, "fields": {"user": 2, "email": "nathalia55555@gmail.com", "verified": true, "primary": true}}, {"model": "account.emailaddress", "pk": 3, "fields": {"user": 3, "email": "nathaliamisc@gmail.com", "verified": true, "primary": true}}, {"model": "products.category", "pk": 1, "fields": {"name": "landscape", "friendly_name": "Landscape"}}, {"model": "products.category", "pk": 2, "fields": {"name": "portrait", "friendly_name": "Portrait"}}, {"model": "products.category", "pk": 3, "fields": {"name": "animal", "friendly_name": "Animal"}}, {"model": "products.category", "pk": 4, "fields": {"name": "plants", "friendly_name": "Plants"}}, {"model": "products.category", "pk": 5, "fields": {"name": "abstract", "friendly_name": "Abstract"}}, {"model": "products.category", "pk": 6, "fields": {"name": "congratulations", "friendly_name": "Congratulations"}}, {"model": "products.category", "pk": 7, "fields": {"name": "easter", "friendly_name": "Easter"}}, {"model": "products.category", "pk": 8, "fields": {"name": "mothers_day", "friendly_name": "Mothers's Day"}}, {"model": "products.category", "pk": 9, "fields": {"name": "fathers_day", "friendly_name": "Father's Day"}}, {"model": "products.category", "pk": 10, "fields": {"name": "valentines_day", "friendly_name": "Valentine's Day"}}, {"model": "products.category", "pk": 11, "fields": {"name": "thank_you", "friendly_name": "Thank You"}}, {"model": "products.category", "pk": 12, "fields": {"name": "family", "friendly_name": "Family"}}, {"model": "products.category", "pk": 13, "fields": {"name": "christmas", "friendly_name": "Christmas"}}, {"model": "products.product", "pk": 11, "fields": {"category": 13, "sku": "C1", "name": "Christmas Card - baby", "description": "Christmas card - baby staring at stars.\r\nWatercolor\r\nStickers on it", "price": "10.00", "rating": "5.00", "image_url": "https://8000-nathisaraujo-project5-fzptatqfext.ws-eu110.gitpod.io/media/1.jpg", "image": "1.jpg", "digital": false, "offers": false, "community": false}}, {"model": "products.product", "pk": 12, "fields": {"category": 3, "sku": "A1", "name": "Robin in Watercolor 🐦", "description": "Bird in watercolor card.\r\n\r\n📐 Size: A6\r\nDimensions:\r\n     - Width: 10.5 centimeters (cm)\r\n     - Height: 14.8 centimeters (cm)", "price": "15.00", "rating": "5.00", "image_url": "https://nathisaraujo-project5-fzptatqfext.ws-eu110.gitpod.io/media/2.jpg", "image": "2.jpg", "digital": false, "offers": true, "community": false}}, {"model": "products.product", "pk": 13, "fields": {"category": 13, "sku": "C2", "name": "Christmas - Sheep", "description": "Christmas card in Watercolor\r\nSheeeeeeep", "price": "5.00", "rating": "5.00", "image_url": "https://8000-nathisaraujo-project5-fzptatqfext.ws-eu110.gitpod.io/media/3.jpg", "image": "3.jpg", "digital": true, "offers": false, "community": false}}, {"model": "products.product", "pk": 14, "fields": {"category": 11, "sku": "T1", "name": "Thank you card - bird", "description": "Thank you card - bird\r\nin watercolor\r\npaér type\r\nrounded border\r\ntypo of frame", "price": "15.00", "rating": "5.00", "image_url": "https://nathisaraujo-project5-fzptatqfext.ws-eu110.gitpod.io/media/4.jpg", "image": "4.jpg", "digital": false, "offers": false, "community": false}}, {"model": "products.product", "pk": 15, "fields": {"category": 13, "sku": "C2", "name": "Snowman Christmas Card", "description": "snowman\r\nwatercolor\r\nother things", "price": "10.00", "rating": "5.00", "image_url": "https://nathisaraujo-project5-fzptatqfext.ws-eu110.gitpod.io/media/5.jpg", "image": "5.jpg", "digital": false, "offers": false, "community": false}}, {"model": "products.product", "pk": 16, "fields": {"category": 11, "sku": "T2", "name": "thank you car cat", "description": "cat flowers thank you card", "price": "18.00", "rating": "4.52", "image_url": "https://nathisaraujo-project5-fzptatqfext.ws-eu110.gitpod.io/media/6.jpg", "image": "6.jpg", "digital": false, "offers": false, "community": false}}, {"model": "products.product", "pk": 17, "fields": {"category": 13, "sku": "C3", "name": "Christmas card - Bear", "description": "Christmas card bear", "price": "10.00", "rating": "4.12", "image_url": "https://nathisaraujo-project5-fzptatqfext.ws-eu110.gitpod.io/media/7.jpg", "image": "7.jpg", "digital": false, "offers": false, "community": false}}, {"model": "products.product", "pk": 18, "fields": {"category": 13, "sku": "C4", "name": "Christmas card - portuguese", "description": "Christmas card in portuguese - Feliz Natal", "price": "10.00", "rating": "4.02", "image_url": "https://nathisaraujo-project5-fzptatqfext.ws-eu110.gitpod.io/media/8.jpg", "image": "8.jpg", "digital": false, "offers": false, "community": false}}, {"model": "products.product", "pk": 19, "fields": {"category": 3, "sku": "A2", "name": "Pig in Watercolor 🐷", "description": "Pig Card in Watercolor + customised name on it.\r\n\r\n📐 Size: A6\r\nDimensions:\r\n     - Width: 10.5 centimeters (cm)\r\n     - Height: 14.8 centimeters (cm)", "price": "15.00", "rating": "4.90", "image_url": "https://nathisaraujo-project5-fzptatqfext.ws-eu110.gitpod.io/media/10.jpg", "image": "10.jpeg", "digital": false, "offers": true, "community": false}}, {"model": "products.product", "pk": 20, "fields": {"category": 4, "sku": "P2", "name": "sunflower in watercolor", "description": "sunflower in watercolor card", "price": "15.00", "rating": "4.80", "image_url": "https://nathisaraujo-project5-fzptatqfext.ws-eu110.gitpod.io/media/11.jpg", "image": "11.jpeg", "digital": false, "offers": false, "community": false}}, {"model": "products.product", "pk": 21, "fields": {"category": 12, "sku": "F1", "name": "Woman and man in watercolor", "description": "Woman and man in watercolor paint", "price": "10.00", "rating": "4.50", "image_url": "https://nathisaraujo-project5-fzptatqfext.ws-eu110.gitpod.io/media/9.jpg", "image": "9.jpeg", "digital": false, "offers": true, "community": false}}, {"model": "products.product", "pk": 22, "fields": {"category": 4, "sku": "P3", "name": "Tree mid autumm", "description": "Tree mid autumm card in watercolor", "price": "10.00", "rating": "5.00", "image_url": "https://nathisaraujo-project5-fzptatqfext.ws-eu110.gitpod.io/media/12.jpg", "image": "12.jpeg", "digital": false, "offers": false, "community": false}}, {"model": "products.product", "pk": 23, "fields": {"category": 3, "sku": "A3", "name": "dogs on a pillow", "description": "dogs on a pillow in markers", "price": "10.00", "rating": "5.00", "image_url": "https://nathisaraujo-project5-fzptatqfext.ws-eu110.gitpod.io/media/13.jpg", "image": "13.jpeg", "digital": false, "offers": false, "community": false}}, {"model": "products.product", "pk": 24, "fields": {"category": 3, "sku": "A4", "name": "Goat in watercolor", "description": "Goat in watercolor paint", "price": "15.00", "rating": "4.50", "image_url": "https://nathisaraujo-project5-fzptatqfext.ws-eu110.gitpod.io/media/14.jpg", "image": "14.jpeg", "digital": false, "offers": false, "community": false}}, {"model": "products.product", "pk": 25, "fields": {"category": 4, "sku": "P4", "name": "Flowers in card watercolor", "description": "Flowers in card watercolor card", "price": "15.00", "rating": "4.90", "image_url": "https://nathisaraujo-project5-fzptatqfext.ws-eu110.gitpod.io/media/15.jpg", "image": "15.jpeg", "digital": false, "offers": false, "community": false}}, {"model": "products.product", "pk": 26, "fields": {"category": 4, "sku": "P5", "name": "Plants combo", "description": "3 drawings for 20", "price": "20.00", "rating": "5.00", "image_url": "https://nathisaraujo-project5-fzptatqfext.ws-eu110.gitpod.io/media/16.jpg", "image": "16.jpeg", "digital": false, "offers": false, "community": false}}, {"model": "products.product", "pk": 27, "fields": {"category": 4, "sku": "P5", "name": "Fruit - pera in watercolor", "description": "Fruit - pera in watercolor", "price": "10.00", "rating": "5.00", "image_url": "https://nathisaraujo-project5-fzptatqfext.ws-eu110.gitpod.io/media/17.jpg", "image": "17.jpeg", "digital": false, "offers": false, "community": false}}, {"model": "products.product", "pk": 28, "fields": {"category": 4, "sku": "P5", "name": "Carrot watercolor", "description": "Carrot watercolor card", "price": "10.00", "rating": "5.00", "image_url": "https://8000-nathisaraujo-project5-fzptatqfext.ws-eu110.gitpod.io/media/18.jpg", "image": "18.jpeg", "digital": false, "offers": false, "community": false}}, {"model": "products.product", "pk": 29, "fields": {"category": 3, "sku": "A5", "name": "Bee in crayons", "description": "Bee in crayons painting", "price": "10.00", "rating": "5.00", "image_url": "https://nathisaraujo-project5-fzptatqfext.ws-eu110.gitpod.io/media/19.jpg", "image": "19.jpeg", "digital": false, "offers": false, "community": true}}, {"model": "products.product", "pk": 30, "fields": {"category": 3, "sku": "A6", "name": "Bird coloured in pencil", "description": "Bird coloured in pencil card", "price": "10.00", "rating": null, "image_url": "https://nathisaraujo-project5-fzptatqfext.ws-eu110.gitpod.io/media/20.jpg", "image": "20.jpeg", "digital": false, "offers": false, "community": false}}, {"model": "products.product", "pk": 31, "fields": {"category": 2, "sku": "PO1", "name": "diabo das meninas", "description": "diabo das meninas digital", "price": "10.00", "rating": "5.00", "image_url": "https://nathisaraujo-project5-fzptatqfext.ws-eu110.gitpod.io/media/21.jpg", "image": "21.jpeg", "digital": true, "offers": false, "community": false}}, {"model": "products.product", "pk": 32, "fields": {"category": 4, "sku": "P6", "name": "Cactus digital", "description": "Cactus digital", "price": "10.00", "rating": "5.00", "image_url": "https://nathisaraujo-project5-fzptatqfext.ws-eu110.gitpod.io/media/22.jpg", "image": "22.jpeg", "digital": true, "offers": false, "community": false}}, {"model": "products.product", "pk": 33, "fields": {"category": 4, "sku": "P6", "name": "Lavender in watercolor", "description": "Lavender in watercolor", "price": "10.00", "rating": "5.00", "image_url": "https://nathisaraujo-project5-fzptatqfext.ws-eu110.gitpod.io/media/23.jpg", "image": "23.jpeg", "digital": false, "offers": false, "community": false}}, {"model": "products.product", "pk": 34, "fields": {"category": 4, "sku": "P7", "name": "Pot of plant in black and white", "description": "Pot of plant in black and white", "price": "10.00", "rating": "5.00", "image_url": "https://nathisaraujo-project5-fzptatqfext.ws-eu110.gitpod.io/media/24.jpg", "image": "24.jpeg", "digital": true, "offers": false, "community": false}}, {"model": "products.product", "pk": 35, "fields": {"category": 2, "sku": "PO2", "name": "Zelda with heart", "description": "Zelda with heart", "price": "10.00", "rating": "5.00", "image_url": "https://nathisaraujo-project5-fzptatqfext.ws-eu110.gitpod.io/media/25.jpg", "image": "25.jpeg", "digital": true, "offers": false, "community": false}}, {"model": "products.product", "pk": 36, "fields": {"category": 3, "sku": "A7", "name": "Animais na ilha", "description": "Animais na ilha", "price": "15.00", "rating": "5.00", "image_url": "https://nathisaraujo-project5-fzptatqfext.ws-eu110.gitpod.io/media/26.jpg", "image": "26.jpeg", "digital": false, "offers": false, "community": false}}, {"model": "products.product", "pk": 37, "fields": {"category": 3, "sku": "A7", "name": "Lontra de cachecol", "description": "Lontra de cachecol", "price": "10.00", "rating": "5.00", "image_url": "https://nathisaraujo-project5-fzptatqfext.ws-eu110.gitpod.io/media/27.jpg", "image": "27.jpeg", "digital": true, "offers": false, "community": true}}, {"model": "products.product", "pk": 38, "fields": {"category": 1, "sku": "L1", "name": "Landscape in watercolor", "description": "Landscape in watercolor", "price": "10.00", "rating": "5.00", "image_url": "https://nathisaraujo-project5-fzptatqfext.ws-eu110.gitpod.io/media/28.jpg", "image": "28.jpeg", "digital": false, "offers": false, "community": false}}, {"model": "products.product", "pk": 39, "fields": {"category": 2, "sku": "PO3", "name": "Menino com coração", "description": "Menino com coração", "price": "10.00", "rating": "5.00", "image_url": "https://nathisaraujo-project5-fzptatqfext.ws-eu110.gitpod.io/media/29.jpg", "image": "29.jpeg", "digital": true, "offers": false, "community": false}}, {"model": "products.product", "pk": 40, "fields": {"category": 2, "sku": "PO4", "name": "Menino de violão", "description": "Menino de violão", "price": "10.00", "rating": "5.00", "image_url": "https://nathisaraujo-project5-fzptatqfext.ws-eu110.gitpod.io/media/30.jpg", "image": "30.jpeg", "digital": false, "offers": false, "community": false}}, {"model": "products.product", "pk": 41, "fields": {"category": 3, "sku": "A8", "name": "Capivara amorzinhio", "description": "Capivara amorzinhio", "price": "10.00", "rating": "5.00", "image_url": "https://nathisaraujo-project5-fzptatqfext.ws-eu110.gitpod.io/media/31.jpg", "image": "31.jpeg", "digital": true, "offers": false, "community": false}}, {"model": "products.product", "pk": 42, "fields": {"category": 2, "sku": "PO5", "name": "zelda boy", "description": "zelda boy", "price": "10.00", "rating": "5.00", "image_url": "https://nathisaraujo-project5-fzptatqfext.ws-eu110.gitpod.io/media/32.jpg", "image": "32.jpeg", "digital": false, "offers": false, "community": false}}, {"model": "products.product", "pk": 43, "fields": {"category": 2, "sku": "PO6", "name": "BOY GUI", "description": "BOY GUI", "price": "10.00", "rating": "5.00", "image_url": "https://nathisaraujo-project5-fzptatqfext.ws-eu110.gitpod.io/media/33.jpg", "image": "33.jpeg", "digital": true, "offers": false, "community": false}}, {"model": "products.product", "pk": 44, "fields": {"category": 2, "sku": "PO7", "name": "Menina loba", "description": "Menina loba", "price": "10.00", "rating": "5.00", "image_url": "https://nathisaraujo-project5-fzptatqfext.ws-eu110.gitpod.io/media/34.jpg", "image": "34.jpeg", "digital": false, "offers": false, "community": false}}, {"model": "products.product", "pk": 45, "fields": {"category": 3, "sku": "A8", "name": "Galinha digital", "description": "Galinha digital", "price": "10.00", "rating": "5.00", "image_url": "https://nathisaraujo-project5-fzptatqfext.ws-eu110.gitpod.io/media/35.jpg", "image": "35.jpeg", "digital": true, "offers": false, "community": true}}, {"model": "products.product", "pk": 46, "fields": {"category": 2, "sku": "PO7", "name": "cara do hora de aventura", "description": "cara do hora de aventura", "price": "10.00", "rating": "5.00", "image_url": "https://nathisaraujo-project5-fzptatqfext.ws-eu110.gitpod.io/media/36.jpg", "image": "36.jpeg", "digital": false, "offers": false, "community": false}}, {"model": "products.product", "pk": 47, "fields": {"category": 2, "sku": "PO7", "name": "Sabrina digital", "description": "Sabrina digital", "price": "10.00", "rating": "5.00", "image_url": "https://nathisaraujo-project5-fzptatqfext.ws-eu110.gitpod.io/media/37.jpg", "image": "37.jpeg", "digital": true, "offers": false, "community": false}}, {"model": "products.product", "pk": 48, "fields": {"category": 4, "sku": "P7", "name": "Banana plant digital", "description": "Banana plant digital", "price": "10.00", "rating": "5.00", "image_url": "https://nathisaraujo-project5-fzptatqfext.ws-eu110.gitpod.io/media/38.jpg", "image": "38.jpeg", "digital": true, "offers": false, "community": false}}, {"model": "products.product", "pk": 49, "fields": {"category": 2, "sku": "PO8", "name": "Menina peito caido", "description": "Menina peito caido", "price": "10.00", "rating": "5.00", "image_url": "https://nathisaraujo-project5-fzptatqfext.ws-eu110.gitpod.io/media/39.jpg", "image": "39.jpeg", "digital": true, "offers": false, "community": false}}, {"model": "products.product", "pk": 50, "fields": {"category": 1, "sku": null, "name": "test", "description": "test", "price": "123.45", "rating": null, "image_url": null, "image": "", "digital": false, "offers": false, "community": false}}, {"model": "products.product", "pk": 51, "fields": {"category": 1, "sku": null, "name": "test2", "description": "testing with image", "price": "123.45", "rating": null, "image_url": null, "image": "events_bgd.png", "digital": false, "offers": false, "community": false}}, {"model": "products.product", "pk": 52, "fields": {"category": 1, "sku": null, "name": "test3", "description": "test3", "price": "123.45", "rating": null, "image_url": null, "image": "", "digital": false, "offers": false, "community": false}}, {"model": "products.producttags", "pk": 2, "fields": {"product": 12, "materials": [4], "surface": [1], "paint": [1], "frame": [1], "paper": [1]}}, {"model": "products.producttags", "pk": 3, "fields": {"product": 16, "materials": [3, 5], "surface": [1], "paint": [1, 2], "frame": [2], "paper": [1, 6]}}, {"model": "products.producttags", "pk": 4, "fields": {"product": 17, "materials": [3, 4, 6], "surface": [1], "paint": [1], "frame": [1], "paper": [1]}}, {"model": "products.producttags", "pk": 5, "fields": {"product": 11, "materials": [2, 4, 7], "surface": [1], "paint": [1, 3], "frame": [1], "paper": [1]}}, {"model": "products.producttags", "pk": 6, "fields": {"product": 13, "materials": [2, 4, 6], "surface": [1], "paint": [1], "frame": [1], "paper": [1, 6]}}, {"model": "products.producttags", "pk": 7, "fields": {"product": 15, "materials": [2, 4], "surface": [1], "paint": [1], "frame": [1], "paper": [1, 6]}}, {"model": "products.producttags", "pk": 8, "fields": {"product": 18, "materials": [2, 4], "surface": [1], "paint": [1], "frame": [1, 2], "paper": [1, 6]}}, {"model": "products.producttags", "pk": 9, "fields": {"product": 19, "materials": [2, 4], "surface": [1], "paint": [1], "frame": [2], "paper": [1]}}, {"model": "products.producttags", "pk": 10, "fields": {"product": 20, "materials": [4], "surface": [1], "paint": [1], "frame": [1], "paper": [2]}}, {"model": "products.producttags", "pk": 11, "fields": {"product": 14, "materials": [2, 4], "surface": [1], "paint": [1, 3], "frame": [1], "paper": [1]}}, {"model": "products.producttags", "pk": 12, "fields": {"product": 21, "materials": [2, 4], "surface": [1], "paint": [1], "frame": [2], "paper": [1]}}, {"model": "products.producttags", "pk": 13, "fields": {"product": 50, "materials": [1, 3], "surface": [3], "paint": [2, 4], "frame": [3], "paper": [3]}}, {"model": "products.producttags", "pk": 14, "fields": {"product": 22, "materials": [], "surface": [], "paint": [], "frame": [], "paper": []}}, {"model": "products.producttags", "pk": 15, "fields": {"product": 23, "materials": [], "surface": [], "paint": [], "frame": [], "paper": []}}, {"model": "products.producttags", "pk": 16, "fields": {"product": 24, "materials": [], "surface": [], "paint": [], "frame": [], "paper": []}}, {"model": "products.producttags", "pk": 17, "fields": {"product": 25, "materials": [10], "surface": [4], "paint": [7], "frame": [1], "paper": [7]}}, {"model": "products.material", "pk": 1, "fields": {"name": "Pencil"}}, {"model": "products.material", "pk": 2, "fields": {"name": "Ink Pen"}}, {"model": "products.material", "pk": 3, "fields": {"name": "Coloured Pencil"}}, {"model": "products.material", "pk": 4, "fields": {"name": "Paint"}}, {"model": "products.material", "pk": 5, "fields": {"name": "Markers"}}, {"model": "products.material", "pk": 6, "fields": {"name": "Stickers"}}, {"model": "products.material", "pk": 7, "fields": {"name": "Stamps"}}, {"model": "products.material", "pk": 8, "fields": {"name": "Crayons"}}, {"model": "products.material", "pk": 9, "fields": {"name": "Digital Canva"}}, {"model": "products.material", "pk": 10, "fields": {"name": "Digital Pen"}}, {"model": "products.paint", "pk": 1, "fields": {"name": "Watercolor"}}, {"model": "products.paint", "pk": 2, "fields": {"name": "Acrylic"}}, {"model": "products.paint", "pk": 3, "fields": {"name": "Gouache"}}, {"model": "products.paint", "pk": 4, "fields": {"name": "Oil"}}, {"model": "products.paint", "pk": 5, "fields": {"name": "Pastel"}}, {"model": "products.paint", "pk": 6, "fields": {"name": "Charcoal"}}, {"model": "products.paint", "pk": 7, "fields": {"name": "Digital Filling"}}, {"model": "products.surface", "pk": 1, "fields": {"name": "Card"}}, {"model": "products.surface", "pk": 2, "fields": {"name": "Wood"}}, {"model": "products.surface", "pk": 3, "fields": {"name": "Canvas"}}, {"model": "products.surface", "pk": 4, "fields": {"name": "A4 print"}}, {"model": "products.paper", "pk": 1, "fields": {"name": "Textured"}}, {"model": "products.paper", "pk": 2, "fields": {"name": "Smooth"}}, {"model": "products.paper", "pk": 3, "fields": {"name": "Coloured"}}, {"model": "products.paper", "pk": 4, "fields": {"name": "Tan"}}, {"model": "products.paper", "pk": 5, "fields": {"name": "Black"}}, {"model": "products.paper", "pk": 6, "fields": {"name": "Heavy Weight"}}, {"model": "products.paper", "pk": 7, "fields": {"name": "Digital Canva"}}, {"model": "products.frame", "pk": 1, "fields": {"name": "No frame"}}, {"model": "products.frame", "pk": 2, "fields": {"name": "White"}}, {"model": "products.frame", "pk": 3, "fields": {"name": "Black"}}, {"model": "products.frame", "pk": 4, "fields": {"name": "Brown"}}, {"model": "checkout.order", "pk": 1, "fields": {"order_number": "67C8FAFF8FB0491695F3E8AF5235032A", "user_profile": null, "full_name": "NATHALIA DE de Araujo Silva", "email": "nathalia55555@gmail.com", "phone_number": "6191208089", "country": "Brazil", "postcode": "70258-120", "town_or_city": "Brasília", "street_address1": "Sqs 409 Bloco L Entrada B Apartamento 201, 0", "street_address2": "0", "county": "DF", "date": "2024-04-20T12:15:46.033Z", "delivery_cost": "0.00", "order_total": "68.00", "grand_total": "68.00", "original_bag": "", "stripe_pid": ""}}, {"model": "checkout.order", "pk": 2, "fields": {"order_number": "7F5227192F5C4812A9B8319E16D2B07A", "user_profile": null, "full_name": "NATHALIA DE de Araujo Silva", "email": "nathalia55555@gmail.com", "phone_number": "6191208089", "country": "Brazil", "postcode": "70258-120", "town_or_city": "Brasília", "street_address1": "Sqs 409 Bloco L Entrada B Apartamento 201, 0", "street_address2": "0", "county": "DF", "date": "2024-04-21T08:46:33.776Z", "delivery_cost": "1.50", "order_total": "15.00", "grand_total": "16.50", "original_bag": "", "stripe_pid": ""}}, {"model": "checkout.order", "pk": 3, "fields": {"order_number": "6AA87E7954A343C5B4EF2114560082CF", "user_profile": null, "full_name": "NATHALIA DE de Araujo Silva", "email": "nathalia55555@gmail.com", "phone_number": "6191208089", "country": "Brazil", "postcode": "70258-120", "town_or_city": "Brasília", "street_address1": "Sqs 409 Bloco L Entrada B Apartamento 201, 0", "street_address2": "0", "county": "DF", "date": "2024-04-21T08:58:34.004Z", "delivery_cost": "0.00", "order_total": "50.00", "grand_total": "50.00", "original_bag": "", "stripe_pid": ""}}, {"model": "checkout.order", "pk": 4, "fields": {"order_number": "86E652C16EF14712A9CC331E31FFF166", "user_profile": null, "full_name": "NATHALIA DE de Araujo Silva", "email": "nathalia55555@gmail.com", "phone_number": "6191208089", "country": "IE", "postcode": "70258-120", "town_or_city": "Brasília", "street_address1": "Sqs 409 Bloco L Entrada B Apartamento 201, 0", "street_address2": "0", "county": "DF", "date": "2024-04-21T11:47:38.720Z", "delivery_cost": "0.00", "order_total": "55.00", "grand_total": "55.00", "original_bag": "", "stripe_pid": ""}}, {"model": "checkout.order", "pk": 5, "fields": {"order_number": "85A0523F83A44FD39340FD1AF4FD9167", "user_profile": null, "full_name": "NATHALIA DE de Araujo Silva", "email": "nathalia55555@gmail.com", "phone_number": "6191208089", "country": "IE", "postcode": "70258-120", "town_or_city": "Brasília", "street_address1": "Sqs 409 Bloco L Entrada B Apartamento 201, 0", "street_address2": "0", "county": "DF", "date": "2024-04-21T11:50:50.594Z", "delivery_cost": "0.00", "order_total": "60.00", "grand_total": "60.00", "original_bag": "", "stripe_pid": ""}}, {"model": "checkout.order", "pk": 6, "fields": {"order_number": "27346D365E084B77B8A00CAC0555B256", "user_profile": null, "full_name": "NATHALIA DE de Araujo Silva", "email": "nathalia55555@gmail.com", "phone_number": "6191208089", "country": "IE", "postcode": "70258-120", "town_or_city": "Brasília", "street_address1": "Sqs 409 Bloco L Entrada B Apartamento 201, 0", "street_address2": "0", "county": "DF", "date": "2024-04-21T11:58:26.720Z", "delivery_cost": "0.00", "order_total": "90.00", "grand_total": "90.00", "original_bag": "", "stripe_pid": ""}}, {"model": "checkout.order", "pk": 7, "fields": {"order_number": "EFAA6AE900F44AEBB7ABD2EA71DF6E78", "user_profile": null, "full_name": "NATHALIA DE de Araujo Silva", "email": "nathalia55555@gmail.com", "phone_number": "6191208089", "country": "IE", "postcode": "70258-120", "town_or_city": "Brasília", "street_address1": "Sqs 409 Bloco L Entrada B Apartamento 201, 0", "street_address2": "0", "county": "DF", "date": "2024-04-21T12:00:50.087Z", "delivery_cost": "0.00", "order_total": "75.00", "grand_total": "75.00", "original_bag": "", "stripe_pid": ""}}, {"model": "checkout.order", "pk": 8, "fields": {"order_number": "06D6BEC9CF1A4EE6ADF70E25B71B84FE", "user_profile": null, "full_name": "NATHALIA DE de Araujo Silva", "email": "nathalia55555@gmail.com", "phone_number": "6191208089", "country": "IE", "postcode": "70258-120", "town_or_city": "Brasília", "street_address1": "Sqs 409 Bloco L Entrada B Apartamento 201, 0", "street_address2": "0", "county": "DF", "date": "2024-04-21T12:33:05.095Z", "delivery_cost": "0.00", "order_total": "120.00", "grand_total": "120.00", "original_bag": "{\"11\": 12}", "stripe_pid": "pi_3P7zZRRpK8ttCQKI1jISqZ8v"}}, {"model": "checkout.order", "pk": 9, "fields": {"order_number": "896697D13E9D4ECE9138FA4D640D4BF1", "user_profile": null, "full_name": "NATHALIA DE de Araujo Silva", "email": "nathalia55555@gmail.com", "phone_number": "6191208089", "country": "IE", "postcode": "70258-120", "town_or_city": "Brasília", "street_address1": "Sqs 409 Bloco L Entrada B Apartamento 201, 0", "street_address2": "0", "county": "DF", "date": "2024-04-21T12:44:42.111Z", "delivery_cost": "0.00", "order_total": "120.00", "grand_total": "120.00", "original_bag": "{\"13\": 8}", "stripe_pid": "pi_3P7zksRpK8ttCQKI1Ud9xfXk"}}, {"model": "checkout.order", "pk": 10, "fields": {"order_number": "C55C1A63D10446CE82566ACAB9CD60AC", "user_profile": null, "full_name": "NATHALIA DE de Araujo Silva", "email": "nathalia55555@gmail.com", "phone_number": "6191208089", "country": "BR", "postcode": "70258-120", "town_or_city": "Brasília", "street_address1": "Sqs 409 Bloco L Entrada B Apartamento 201, 0", "street_address2": "0", "county": "DF", "date": "2024-04-21T13:30:45.428Z", "delivery_cost": "0.00", "order_total": "100.00", "grand_total": "100.00", "original_bag": "{\"11\": 10}", "stripe_pid": "pi_3P80TRRpK8ttCQKI02Kf7rhX"}}, {"model": "checkout.order", "pk": 11, "fields": {"order_number": "6B174518A65D4C00B2B79BEE50A269AF", "user_profile": 3, "full_name": "NATHALIA DE de Araujo Silva", "email": "nathalia55555@gmail.com", "phone_number": "6191208089", "country": "BR", "postcode": "70258-120", "town_or_city": "Brasília", "street_address1": "Sqs 409 Bloco L Entrada B Apartamento 201, 0", "street_address2": "0", "county": "DF", "date": "2024-04-22T13:22:32.185Z", "delivery_cost": "0.00", "order_total": "60.00", "grand_total": "60.00", "original_bag": "{\"14\": 4}", "stripe_pid": "pi_3P8MoxRpK8ttCQKI0KkgLgbf"}}, {"model": "checkout.order", "pk": 12, "fields": {"order_number": "490F706AE7864B2DB909237FD5C70D69", "user_profile": 3, "full_name": "nat", "email": "nathaliamisc@gmail.com", "phone_number": "6191208089", "country": "BR", "postcode": "70258-120", "town_or_city": "Brasília", "street_address1": "Sqs 409 Bloco L Entrada B Apartamento 201, 0", "street_address2": "0", "county": "DF", "date": "2024-04-22T13:34:14.354Z", "delivery_cost": "0.00", "order_total": "55.00", "grand_total": "55.00", "original_bag": "{\"11\": 1, \"13\": 3}", "stripe_pid": "pi_3P8N0DRpK8ttCQKI0s6blQL1"}}, {"model": "checkout.order", "pk": 13, "fields": {"order_number": "517A3DA6B8C24317BF194C24F0D18583", "user_profile": 3, "full_name": "NATHALIA DE de Araujo Silva", "email": "nathalia55555@gmail.com", "phone_number": "6191208089", "country": "BR", "postcode": "70258-120", "town_or_city": "Brasília", "street_address1": "Sqs 409 Bloco L Entrada B Apartamento 201, 0", "street_address2": "0", "county": "DF", "date": "2024-04-22T13:50:19.058Z", "delivery_cost": "0.00", "order_total": "50.00", "grand_total": "50.00", "original_bag": "{\"11\": 5}", "stripe_pid": "pi_3P8NFuRpK8ttCQKI0VBSDTST"}}, {"model": "checkout.order", "pk": 14, "fields": {"order_number": "5A3357FA085E44D495443BA2064635E5", "user_profile": 3, "full_name": "NATHALIA DE de Araujo Silva", "email": "nathalia55555@gmail.com", "phone_number": "6191208089", "country": "BR", "postcode": "70258-120", "town_or_city": "Brasília", "street_address1": "Sqs 409 Bloco L Entrada B Apartamento 201, 0", "street_address2": "0", "county": "DF", "date": "2024-04-22T13:51:46.862Z", "delivery_cost": "1.50", "order_total": "15.00", "grand_total": "16.50", "original_bag": "{\"13\": 1}", "stripe_pid": "pi_3P8NHERpK8ttCQKI0m0RWtsd"}}, {"model": "checkout.order", "pk": 15, "fields": {"order_number": "76F037F9EF9641CA8F2DBEDF7EA14EB3", "user_profile": 3, "full_name": "nat", "email": "nathaliamisc@gmail.com", "phone_number": "6191208089", "country": "BR", "postcode": "70258-120", "town_or_city": "Brasília", "street_address1": "Sqs 409 Bloco L Entrada B Apartamento 201, 0", "street_address2": "0", "county": "DF", "date": "2024-04-22T13:58:08.821Z", "delivery_cost": "1.50", "order_total": "15.00", "grand_total": "16.50", "original_bag": "{\"13\": 1}", "stripe_pid": "pi_3P8NNXRpK8ttCQKI1lPR45Vc"}}, {"model": "checkout.order", "pk": 16, "fields": {"order_number": "CAAD50055F234AC5886AAF1A33E84510", "user_profile": 3, "full_name": "nat", "email": "nathaliamisc@gmail.com", "phone_number": "6191208089", "country": "BR", "postcode": "70258-120", "town_or_city": "Brasília", "street_address1": "Sqs 409 Bloco L Entrada B Apartamento 201, 0", "street_address2": "0", "county": "DF", "date": "2024-04-22T13:59:33.986Z", "delivery_cost": "1.00", "order_total": "10.00", "grand_total": "11.00", "original_bag": "{\"11\": 1}", "stripe_pid": "pi_3P8NOvRpK8ttCQKI0fLWnO2x"}}, {"model": "checkout.order", "pk": 17, "fields": {"order_number": "986AB6226B3E4543ADAF237F12DED513", "user_profile": 3, "full_name": "confirmation_email_subject", "email": "nathaliamisc@gmail.com", "phone_number": "6191208089", "country": "BR", "postcode": "70258-120", "town_or_city": "Brasília", "street_address1": "Sqs 409 Bloco L Entrada B Apartamento 201, 0", "street_address2": "0", "county": "DF", "date": "2024-04-22T14:05:01.653Z", "delivery_cost": "4.00", "order_total": "40.00", "grand_total": "44.00", "original_bag": "{\"11\": 4}", "stripe_pid": "pi_3P8NUDRpK8ttCQKI11n3vPSY"}}, {"model": "checkout.order", "pk": 18, "fields": {"order_number": "C092368CAA0A4C5894B675F06186CC44", "user_profile": 3, "full_name": "Nathalia de Araujo Silva", "email": "nat.advogada@gmail.com", "phone_number": "0852500421", "country": "IE", "postcode": "V94H4X7", "town_or_city": "Limerick", "street_address1": "Stone House, Lisnagry, Limerick", "street_address2": "0", "county": "Limerick", "date": "2024-04-22T14:09:33.031Z", "delivery_cost": "0.00", "order_total": "50.00", "grand_total": "50.00", "original_bag": "{\"11\": 5}", "stripe_pid": "pi_3P8NYaRpK8ttCQKI1ZfcqAhZ"}}, {"model": "checkout.order", "pk": 19, "fields": {"order_number": "EF9AB889AB1547528356D0ECC86DC387", "user_profile": 1, "full_name": "Nathalia de Araujo Silva", "email": "nat.advogada@gmail.com", "phone_number": "0852500421", "country": "IE", "postcode": "V94H4X7", "town_or_city": "Limerick", "street_address1": "Stone House, Lisnagry, Limerick", "street_address2": "0", "county": "Limerick", "date": "2024-04-25T18:45:09.138Z", "delivery_cost": "4.50", "order_total": "45.00", "grand_total": "49.50", "original_bag": "{\"13\": 1, \"12\": 1, \"14\": 1}", "stripe_pid": "pi_3P9XGZRpK8ttCQKI1VDDtk3Z"}}, {"model": "checkout.order", "pk": 20, "fields": {"order_number": "B94889A5EA544D5F9417F88074BE80CA", "user_profile": null, "full_name": "Nathalia de Araujo Silva", "email": "nat.advogada@gmail.com", "phone_number": "0852500421", "country": "IE", "postcode": "V94H4X7", "town_or_city": "Limerick", "street_address1": "Stone House, Lisnagry, Limerick", "street_address2": "0", "county": "Limerick", "date": "2024-04-25T18:45:14.915Z", "delivery_cost": "4.50", "order_total": "45.00", "grand_total": "49.50", "original_bag": "{\"13\": 1, \"12\": 1, \"14\": 1}", "stripe_pid": "pi_3P9XGZRpK8ttCQKI1VDDtk3Z"}}, {"model": "checkout.order", "pk": 21, "fields": {"order_number": "9354C326EDFA4295844A9CE8A1F71CE7", "user_profile": 1, "full_name": "NATHALIA DE de Araujo Silva", "email": "nathalia55555@gmail.com", "phone_number": "6191208089", "country": "BR", "postcode": "70258-120", "town_or_city": "Brasília", "street_address1": "Sqs 409 Bloco L Entrada B Apartamento 201, 0", "street_address2": "0", "county": "DF", "date": "2024-05-07T12:46:45.621Z", "delivery_cost": "1.50", "order_total": "15.00", "grand_total": "16.50", "original_bag": "{\"12\": 1}", "stripe_pid": "pi_3PDnKiRpK8ttCQKI0maqEaiX"}}, {"model": "checkout.orderlineitem", "pk": 1, "fields": {"order": 1, "product": 13, "quantity": 2, "lineitem_total": "30.00"}}, {"model": "checkout.orderlineitem", "pk": 2, "fields": {"order": 1, "product": 17, "quantity": 1, "lineitem_total": "10.00"}}, {"model": "checkout.orderlineitem", "pk": 3, "fields": {"order": 1, "product": 16, "quantity": 1, "lineitem_total": "18.00"}}, {"model": "checkout.orderlineitem", "pk": 4, "fields": {"order": 1, "product": 18, "quantity": 1, "lineitem_total": "10.00"}}, {"model": "checkout.orderlineitem", "pk": 5, "fields": {"order": 2, "product": 12, "quantity": 1, "lineitem_total": "15.00"}}, {"model": "checkout.orderlineitem", "pk": 6, "fields": {"order": 3, "product": 11, "quantity": 1, "lineitem_total": "10.00"}}, {"model": "checkout.orderlineitem", "pk": 7, "fields": {"order": 3, "product": 13, "quantity": 1, "lineitem_total": "15.00"}}, {"model": "checkout.orderlineitem", "pk": 8, "fields": {"order": 3, "product": 14, "quantity": 1, "lineitem_total": "15.00"}}, {"model": "checkout.orderlineitem", "pk": 9, "fields": {"order": 3, "product": 15, "quantity": 1, "lineitem_total": "10.00"}}, {"model": "checkout.orderlineitem", "pk": 10, "fields": {"order": 4, "product": 13, "quantity": 3, "lineitem_total": "45.00"}}, {"model": "checkout.orderlineitem", "pk": 11, "fields": {"order": 4, "product": 22, "quantity": 1, "lineitem_total": "10.00"}}, {"model": "checkout.orderlineitem", "pk": 12, "fields": {"order": 5, "product": 17, "quantity": 6, "lineitem_total": "60.00"}}, {"model": "checkout.orderlineitem", "pk": 13, "fields": {"order": 6, "product": 16, "quantity": 5, "lineitem_total": "90.00"}}, {"model": "checkout.orderlineitem", "pk": 14, "fields": {"order": 7, "product": 13, "quantity": 5, "lineitem_total": "75.00"}}, {"model": "checkout.orderlineitem", "pk": 15, "fields": {"order": 8, "product": 11, "quantity": 12, "lineitem_total": "120.00"}}, {"model": "checkout.orderlineitem", "pk": 16, "fields": {"order": 9, "product": 13, "quantity": 8, "lineitem_total": "120.00"}}, {"model": "checkout.orderlineitem", "pk": 17, "fields": {"order": 10, "product": 11, "quantity": 10, "lineitem_total": "100.00"}}, {"model": "checkout.orderlineitem", "pk": 18, "fields": {"order": 11, "product": 14, "quantity": 4, "lineitem_total": "60.00"}}, {"model": "checkout.orderlineitem", "pk": 19, "fields": {"order": 12, "product": 11, "quantity": 1, "lineitem_total": "10.00"}}, {"model": "checkout.orderlineitem", "pk": 20, "fields": {"order": 12, "product": 13, "quantity": 3, "lineitem_total": "45.00"}}, {"model": "checkout.orderlineitem", "pk": 21, "fields": {"order": 13, "product": 11, "quantity": 5, "lineitem_total": "50.00"}}, {"model": "checkout.orderlineitem", "pk": 22, "fields": {"order": 14, "product": 13, "quantity": 1, "lineitem_total": "15.00"}}, {"model": "checkout.orderlineitem", "pk": 23, "fields": {"order": 15, "product": 13, "quantity": 1, "lineitem_total": "15.00"}}, {"model": "checkout.orderlineitem", "pk": 24, "fields": {"order": 16, "product": 11, "quantity": 1, "lineitem_total": "10.00"}}, {"model": "checkout.orderlineitem", "pk": 25, "fields": {"order": 17, "product": 11, "quantity": 4, "lineitem_total": "40.00"}}, {"model": "checkout.orderlineitem", "pk": 26, "fields": {"order": 18, "product": 11, "quantity": 5, "lineitem_total": "50.00"}}, {"model": "checkout.orderlineitem", "pk": 27, "fields": {"order": 19, "product": 13, "quantity": 1, "lineitem_total": "15.00"}}, {"model": "checkout.orderlineitem", "pk": 28, "fields": {"order": 19, "product": 12, "quantity": 1, "lineitem_total": "15.00"}}, {"model": "checkout.orderlineitem", "pk": 29, "fields": {"order": 19, "product": 14, "quantity": 1, "lineitem_total": "15.00"}}, {"model": "checkout.orderlineitem", "pk": 30, "fields": {"order": 20, "product": 13, "quantity": 1, "lineitem_total": "15.00"}}, {"model": "checkout.orderlineitem", "pk": 31, "fields": {"order": 20, "product": 12, "quantity": 1, "lineitem_total": "15.00"}}, {"model": "checkout.orderlineitem", "pk": 32, "fields": {"order": 20, "product": 14, "quantity": 1, "lineitem_total": "15.00"}}, {"model": "checkout.orderlineitem", "pk": 33, "fields": {"order": 21, "product": 12, "quantity": 1, "lineitem_total": "15.00"}}, {"model": "about.aboutme", "pk": 1, "fields": {"artist": "Nathalia ❤️", "title": "Who am I?", "content": "I'm Nathalia, a 26-year-old living in Limerick, Ireland. Although I was born in Brazil, I now call this beautiful city my home. Alongside my various other jobs, I'm an aspiring artist and a dedicated mom who is eager to sell her art so she can stay home with her baby.\r\n\r\nThroughout my life, I've always felt a sense of hesitation when it comes to showcasing my art or putting myself out there. However, love has changed everything for me. The most important thing now is having the opportunity to raise my baby by my side, which is why I've made the decision to start this business.\r\n\r\nDrawing has been a passion of mine since childhood, and I've always loved creating personalized cards for my loved ones. In Ireland, I've noticed the profound appreciation for giving cards, with dedicated stores just for that purpose!\r\n\r\nI'll be crafting heartfelt cards that express love, gratitude, and care for your loved ones. These meaningful and personalized gifts are perfect for the people who matter the most to you.\r\n\r\nHope you like it ✨️😃", "image_url": "https://nathisaraujo-project5-fzptatqfext.ws-eu110.gitpod.io/media/myself.jpg", "image": "me.jpg"}}, {"model": "profiles.userprofile", "pk": 1, "fields": {"user": 1, "default_phone_number": "0852500421", "default_street_address1": "Sqs 409 Bloco L Entrada B Apartamento 201, 0", "default_street_address2": "0", "default_town_or_city": "Brasília", "default_county": "DF", "default_country": "BR", "default_postcode": "70258-120"}}, {"model": "profiles.userprofile", "pk": 2, "fields": {"user": 2, "default_phone_number": null, "default_street_address1": null, "default_street_address2": null, "default_town_or_city": null, "default_county": null, "default_country": null, "default_postcode": null}}, {"model": "profiles.userprofile", "pk": 3, "fields": {"user": 3, "default_phone_number": "6191208089", "default_street_address1": "Stone House, Lisnagry, Limerick", "default_street_address2": "0", "default_town_or_city": "Lim", "default_county": "Limerick", "default_country": "HU", "default_postcode": "V94H4X7"}}, {"model": "profiles.recommendation", "pk": 1, "fields": {"user": 3, "recommendation_text": "lalalala", "timestamp": "2024-04-25T15:53:47.856Z"}}, {"model": "profiles.recommendation", "pk": 2, "fields": {"user": 3, "recommendation_text": "nasikndwe", "timestamp": "2024-04-25T16:06:44.103Z"}}, {"model": "profiles.recommendation", "pk": 3, "fields": {"user": 3, "recommendation_text": "vfder", "timestamp": "2024-04-25T16:15:51.984Z"}}, {"model": "profiles.recommendation", "pk": 4, "fields": {"user": 1, "recommendation_text": "lknkjbk", "timestamp": "2024-04-25T18:28:42.353Z"}}, {"model": "profiles.recommendation", "pk": 5, "fields": {"user": 1, "recommendation_text": "cecwqw", "timestamp": "2024-04-30T16:36:56.467Z"}}, {"model": "blog.post", "pk": 5, "fields": {"title": "This card means a lot to me (and to my husband)! ✨️", "slug": "this-card-means-a-lot-to-me-and-to-my-husband", "content": "My husband works in shifts, and some nights I have to sleep alone. During my pregnancy, I missed him dearly and noticed how tired he was. That's when I decided to create something inspiring for him. I drew our family and left a heartfelt note on the other side of the paper, reminding him that no matter what, we are in this together!\r\n\r\nIt may be simple, but its significance is profound. I drew our beloved plant, our fish, and our baby (who was still in my belly at the time). 🐟🌿👶🏻\r\n\r\nEvery day, we look at this card and are reminded of the love we share ✨️💕", "created_on": "2024-04-26T15:28:06.438Z", "author": 1, "image": "media/posts/Captura_de_tela_2024-04-26_162701.png", "like": [1]}}, {"model": "blog.post", "pk": 6, "fields": {"title": "A Drawing Story", "slug": "a-drawing-story", "content": "This is the first post in the \"A Drawing Story\" series! 🌟\r\n\r\nAs an amateur and beginner, it's very challenging for me to create a #drawing that's 100% original without looking at any references. Now, I'm trying to exercise my #creativity more to create increasingly authentic drawings. I'm searching for my own style! Every day, I will put more of my soul and identity into my creations.\r\n\r\n🌻 Where am I starting? 🌻\r\n\r\n1. Inspiration - I think of something I would like to draw. It could be by trying to imagine something or browsing @Pinterest until I find something that interests me.\r\n\r\n2. Purpose - This time, I wanted to create a drawing for my husband's aunt, who supported us a lot during the pregnancy and sent gifts for our baby.\r\n\r\n3. Meaning - If I could, I would have sent her #flowers, so I decided to do that through my drawing. I love her energy and find her very uplifting, so when I saw some #sunflowers, I became very interested. I saw an image from #StudioGhibli with #clouds, so I also decided to create clouds behind the flowers. I enjoy drawing leaves, so I decided to add a branch without flowers, just to make it more like me. I saw one of the drawings that had a small moon and I decided to make a large moon in my drawing.\r\n\r\n4. Small details - I usually don't like the drawing when I start. I spend a lot of time looking at it and trying to figure out what seems off. In this drawing, I spent a lot of time on the clouds because they were too round, and I wanted a more realistic drawing. So, I tried blending and mixing more colors, and it got closer to what I wanted. The sunflowers weren't standing out, and after observing them for a while, I realized that the petals were too small, so I decided to make them bigger.\r\n\r\nI hope these tips help other #beginners. These are the steps I try to follow to stimulate my creativity. Additionally, I aim to create drawings with significant meaning, and that makes all the difference. I always make them for someone, and I hope that one day I can make one for myself with the same enthusiasm. 💛", "created_on": "2024-04-26T15:29:41.304Z", "author": 1, "image": "media/posts/Captura_de_tela_2024-04-26_162842.png", "like": [1]}}, {"model": "blog.post", "pk": 7, "fields": {"title": "Starting a New Business", "slug": "starting-a-new-business", "content": "I'm now starting a new business!\r\n\r\nBut first of all, let me introduce myself...\r\n\r\nI'm Nathalia, a 26-year-old living in Limerick, Ireland. Although I was born in Brazil, I now call this beautiful city my home. Alongside my various other jobs, I'm an aspiring artist and a dedicated mom who is eager to sell her art so she can stay home with her baby.\r\n\r\nThroughout my life, I've always felt a sense of hesitation when it comes to showcasing my art or putting myself out there. However, love has changed everything for me. The most important thing now is having the opportunity to raise my baby by my side, which is why I've made the decision to start this business.\r\n\r\nDrawing has been a passion of mine since childhood, and I've always loved creating personalized cards for my loved ones. In Ireland, I've noticed the profound appreciation for giving cards, with dedicated stores just for that purpose!\r\n\r\nI'll be crafting heartfelt cards that express love, gratitude, and care for your loved ones. These meaningful and personalized gifts are perfect for the people who matter the most to you.", "created_on": "2024-04-26T15:31:05.811Z", "author": 1, "image": "media/posts/Captura_de_tela_2024-04-26_163022.png", "like": []}}, {"model": "blog.post", "pk": 8, "fields": {"title": "Journey Through My Graphic Design Course", "slug": "journey-through-my-graphic-design-course", "content": "I'm finally able to continue my studies after pregnancy and post-partum. Today I delivered one assignment from my Graphic Design course. \r\n\r\nI was supposed to take a raw photo, resize it for use in web projects and use Photoshop's crop tool to crop it taking into consideration the rule of thirds.\r\n\r\nIn the picture, my model, Thomas Zakczewiski.", "created_on": "2024-04-26T15:34:16.418Z", "author": 1, "image": "media/posts/Captura_de_tela_2024-04-26_163303.png", "like": []}}, {"model": "blog.post", "pk": 9, "fields": {"title": "Art Project between Ireland and Brazil", "slug": "art-project-between-ireland-and-brazil", "content": "Last week I received this lovely book from the Irish Embassy in Brazil. The book marks the centenary of the the James Joyce's masterpiece, Ulysses. Throughout the last year we worked very hard to launch the project hashtag#Ulysses100PelosOlhosBrasileiros, which we selected 18 students from 18 public universities in Brazil to depict a mural about each chapter of the book.\r\n\r\nI'm very proud that I could be part of it. The project was huge success!\r\n\r\nMany thanks to Ambassador Sean Hoy who trusted me with this special project. Now I'll continue my journey in Ireland, with lots of great opportunities and important works to be done.", "created_on": "2024-04-26T15:36:49.237Z", "author": 1, "image": "media/posts/Captura_de_tela_2024-04-26_163546.png", "like": []}}, {"model": "blog.post", "pk": 10, "fields": {"title": "Art for Change: Empowering Voices, Inspiring Action", "slug": "art-for-change-empowering-voices-inspiring-action", "content": "Art has always been a potent force for driving social change and amplifying the voices of the marginalized. From the revolutionary brushstrokes of political artists to the poignant verses of socially conscious poets, art has served as a powerful medium for challenging the status quo and inspiring meaningful action. Through its emotive power and universal appeal, art transcends boundaries, sparking dialogue, fostering empathy, and galvanizing communities to confront pressing social issues head-on.\r\n\r\nAt its core, art for change is about giving voice to the voiceless and shedding light on the injustices that plague our society. Artists, activists, and cultural influencers have long recognized the transformative potential of art as a tool for advocacy and activism. Whether through visual art, music, theater, or literature, artists harness the power of creativity to provoke thought, evoke emotion, and drive positive social change. By shining a spotlight on issues such as racial inequality, gender discrimination, environmental degradation, and political corruption, art empowers individuals to confront uncomfortable truths and envision a more just and equitable world.\r\n\r\nIn an era marked by unprecedented global challenges, the role of art in effecting change has never been more critical. As we navigate complex social, political, and environmental issues, art provides a beacon of hope, resilience, and resistance. By embracing art as a catalyst for social transformation, we can harness its transformative power to build bridges, bridge divides, and create a more inclusive and compassionate society for all. Through collective action and creative expression, we can harness the power of art to inspire lasting change and shape a better future for generations to come.", "created_on": "2024-04-26T15:43:17.747Z", "author": 1, "image": "media/posts/16.jpeg", "like": []}}, {"model": "wishlist.wishlist", "pk": 6, "fields": {"user": 1, "product": 14}}, {"model": "wishlist.wishlist", "pk": 7, "fields": {"user": 1, "product": 17}}, {"model": "wishlist.wishlist", "pk": 8, "fields": {"user": 1, "product": 11}}, {"model": "wishlist.wishlist", "pk": 9, "fields": {"user": 1, "product": 12}}, {"model": "wishlist.wishlist", "pk": 12, "fields": {"user": 1, "product": 13}}, {"model": "wishlist.wishlist", "pk": 13, "fields": {"user": 1, "product": 29}}, {"model": "wishlist.wishlist", "pk": 15, "fields": {"user": 1, "product": 16}}, {"model": "events.event", "pk": 1, "fields": {"title": "castletroy thing", "description": "castletroy thing outside sunny whatever", "date_and_time": "2024-06-04T12:00:00Z", "location": "Castletroy, Limerick", "organizer": "Farmers de Castletroy", "save_event": []}}, {"model": "events.event", "pk": 2, "fields": {"title": "olá de novo", "description": "olá de novoolá de novov", "date_and_time": "2024-04-30T12:00:00Z", "location": "Castletroy, Limerick", "organizer": "Farmers de Castletroy", "save_event": [3]}}, {"model": "events.event", "pk": 3, "fields": {"title": "beberb", "description": "rbrberbebe", "date_and_time": "2024-06-04T15:27:23Z", "location": "bergerg", "organizer": "gergregre", "save_event": [1, 3]}}, {"model": "events.event", "pk": 4, "fields": {"title": "gergerav arbre sre tesrta4et", "description": "gergerav arbre sre tesrta4et gergerav arbre sre tesrta4et gergerav arbre sre tesrta4et gergerav arbre sre tesrta4et", "date_and_time": "2024-04-10T15:27:23Z", "location": "vaergverqgrqgwrwrg", "organizer": "rgregrwgwr", "save_event": [2]}}, {"model": "events.event", "pk": 5, "fields": {"title": "teste", "description": "testetestetestetestetestetestetestetesteteste", "date_and_time": "2024-04-29T17:23:00Z", "location": "fewfwefew", "organizer": "rgregrwgwr", "save_event": [2]}}]